
-------------------------------------
Translated Report (Full Report Below)
-------------------------------------
Process:             Cyberpunk2077 [59936]
Path:                /Users/USER/Library/Application Support/Steam/*/Cyberpunk2077.app/Contents/MacOS/Cyberpunk2077
Identifier:          com.cdprojektred.cyberpunk.steam
Version:             2.3.1 (5314028)
Code Type:           ARM-64 (Native)
Role:                Foreground
Parent Process:      Exited process [59934]
Coalition:           com.todesktop.230313mzl4w4u92 [1193]
Responsible Process: Cursor [3309]
User ID:             501

Date/Time:           2026-02-01 18:53:37.8646 -0800
Launch Time:         2026-02-01 18:53:06.4569 -0800
Hardware Model:      Mac16,5
OS Version:          macOS 26.3 (25D5112c)
Release Type:        User

Crash Reporter Key:  0CCA579A-01B6-06F1-D447-87166E5A294F
Incident Identifier: C892D4F6-5A0E-4D71-B3D1-EBC65C675482

Sleep/Wake UUID:       4DD441C0-6CF1-4E9C-9CE7-6025992C611B

Time Awake Since Boot: 85000 seconds
Time Since Wake:       33804 seconds

System Integrity Protection: enabled

Triggered by Thread: 17  redDispatcher12

Exception Type:    EXC_BAD_ACCESS (SIGSEGV)
Exception Subtype: KERN_INVALID_ADDRESS at 0x9100c3ffa9414ff4
Exception Codes:   0x0000000000000001, 0x9100c3ffa9414ff4

Termination Reason:  Namespace SIGNAL, Code 11, Segmentation fault: 11
Terminating Process: exc handler [59936]


VM Region Info: 0x43ffa9414ff4 is not in any region.  
      REGION TYPE                    START - END         [ VSIZE] PRT/MAX SHRMOD  REGION DETAIL
      UNUSED SPACE AT START
--->  
      UNUSED SPACE AT END

Thread 0:: GameThread Dispatch queue: com.apple.main-thread
0   libsystem_kernel.dylib        	       0x1a02e2c74 __ulock_wait2 + 8
1   libsystem_platform.dylib      	       0x1a03246ac os_sync_wait_on_address + 104
2   Cyberpunk2077                 	       0x1037308e8 0x102d58000 + 10324200
3   Cyberpunk2077                 	       0x1037309d8 0x102d58000 + 10324440
4   Cyberpunk2077                 	       0x106ccf9dc 0x102d58000 + 66550236
5   Cyberpunk2077                 	       0x106c6d260 0x102d58000 + 66146912
6   Cyberpunk2077                 	       0x106c6cd44 0x102d58000 + 66145604
7   Cyberpunk2077                 	       0x106c7a858 0x102d58000 + 66201688
8   Cyberpunk2077                 	       0x106af1bcc 0x102d58000 + 64592844
9   Cyberpunk2077                 	       0x106af1608 0x102d58000 + 64591368
10  Cyberpunk2077                 	       0x106ae5844 0x102d58000 + 64542788
11  Cyberpunk2077                 	       0x106ae3168 0x102d58000 + 64532840
12  Cyberpunk2077                 	       0x102d89f58 0x102d58000 + 204632
13  Cyberpunk2077                 	       0x102d89e78 0x102d58000 + 204408
14  dyld                          	       0x19ff4dd54 start + 7184

Thread 1:

Thread 2::  Dispatch queue: com.Metal.CommandQueueDispatch
0   libsystem_kernel.dylib        	       0x1a02d4c34 mach_msg2_trap + 8
1   libsystem_kernel.dylib        	       0x1a02e7028 mach_msg2_internal + 76
2   IOKit                         	       0x1a4658ff4 io_connect_method + 520
3   IOKit                         	       0x1a4658d84 IOConnectCallMethod + 176
4   IOGPU                         	       0x1c4c0415c IOGPUCommandQueueSubmitCommandBuffers + 268
5   IOGPU                         	       0x1c4becba8 -[IOGPUMetalCommandQueue _submitCommandBuffers:count:] + 364
6   IOGPU                         	       0x1c4beca10 -[IOGPUMetalCommandQueue submitCommandBuffers:count:] + 72
7   Metal                         	       0x1ac694d48 -[_MTLCommandQueue _submitAvailableCommandBuffers] + 512
8   libdispatch.dylib             	       0x1a0174ad4 _dispatch_client_callout + 16
9   libdispatch.dylib             	       0x1a015f6e4 _dispatch_continuation_pop + 596
10  libdispatch.dylib             	       0x1a0172810 _dispatch_source_latch_and_call + 396
11  libdispatch.dylib             	       0x1a01714e4 _dispatch_source_invoke + 844
12  libdispatch.dylib             	       0x1a0163350 _dispatch_lane_serial_drain + 332
13  libdispatch.dylib             	       0x1a0163fc4 _dispatch_lane_invoke + 388
14  libdispatch.dylib             	       0x1a016e474 _dispatch_root_queue_drain_deferred_wlh + 292
15  libdispatch.dylib             	       0x1a016dd6c _dispatch_workloop_worker_thread + 692
16  libsystem_pthread.dylib       	       0x1a0313e4c _pthread_wqthread + 292
17  libsystem_pthread.dylib       	       0x1a0312b9c start_wqthread + 8

Thread 3::  Dispatch queue: com.Metal.CommandQueueDispatch
0   IOKit                         	       0x1a4674fd8 iokit_user_client_trap + 8
1   IOGPU                         	       0x1c4c04104 IOGPUCommandQueueSubmitCommandBuffers + 180
2   IOGPU                         	       0x1c4becba8 -[IOGPUMetalCommandQueue _submitCommandBuffers:count:] + 364
3   IOGPU                         	       0x1c4beca10 -[IOGPUMetalCommandQueue submitCommandBuffers:count:] + 72
4   Metal                         	       0x1ac694d48 -[_MTLCommandQueue _submitAvailableCommandBuffers] + 512
5   Metal                         	       0x1ac84eea0 __40-[_MTLCommandQueue submitCommandBuffer:]_block_invoke + 28
6   libdispatch.dylib             	       0x1a0174ad4 _dispatch_client_callout + 16
7   libdispatch.dylib             	       0x1a016a940 _dispatch_lane_barrier_sync_invoke_and_complete + 56
8   Metal                         	       0x1ac84ee5c -[_MTLCommandQueue submitCommandBuffer:] + 140
9   MetalFX                       	       0x248538398 __53-[_MFXTemporalScalingEffectV4 encodeToCommandBuffer:]_block_invoke_2 + 692
10  libdispatch.dylib             	       0x1a015ab5c _dispatch_call_block_and_release + 32
11  libdispatch.dylib             	       0x1a0174ad4 _dispatch_client_callout + 16
12  libdispatch.dylib             	       0x1a01634e8 _dispatch_lane_serial_drain + 740
13  libdispatch.dylib             	       0x1a0163ff8 _dispatch_lane_invoke + 440
14  libdispatch.dylib             	       0x1a016e474 _dispatch_root_queue_drain_deferred_wlh + 292
15  libdispatch.dylib             	       0x1a016dd6c _dispatch_workloop_worker_thread + 692
16  libsystem_pthread.dylib       	       0x1a0313e4c _pthread_wqthread + 292
17  libsystem_pthread.dylib       	       0x1a0312b9c start_wqthread + 8

Thread 4:: com.apple.NSEventThread
0   libsystem_kernel.dylib        	       0x1a02d4c34 mach_msg2_trap + 8
1   libsystem_kernel.dylib        	       0x1a02e7028 mach_msg2_internal + 76
2   libsystem_kernel.dylib        	       0x1a02dd98c mach_msg_overwrite + 484
3   libsystem_kernel.dylib        	       0x1a02d4fb4 mach_msg + 24
4   CoreFoundation                	       0x1a03b6bb0 __CFRunLoopServiceMachPort + 160
5   CoreFoundation                	       0x1a03b5508 __CFRunLoopRun + 1188
6   CoreFoundation                	       0x1a046ff3c _CFRunLoopRunSpecificWithOptions + 532
7   AppKit                        	       0x1a485ea34 _NSEventThread + 184
8   libsystem_pthread.dylib       	       0x1a0317c08 _pthread_start + 136
9   libsystem_pthread.dylib       	       0x1a0312ba8 thread_start + 8

Thread 5:: redIOWorker0
0   libsystem_kernel.dylib        	       0x1a02d84f8 __psynch_cvwait + 8
1   libsystem_pthread.dylib       	       0x1a03180dc _pthread_cond_wait + 984
2   Cyberpunk2077                 	       0x106ee2d10 0x102d58000 + 68726032
3   Cyberpunk2077                 	       0x102d5c208 0x102d58000 + 16904
4   libsystem_pthread.dylib       	       0x1a0317c08 _pthread_start + 136
5   libsystem_pthread.dylib       	       0x1a0312ba8 thread_start + 8

Thread 6:: redDispatcher1
0   libsystem_kernel.dylib        	       0x1a02d4bb0 semaphore_wait_trap + 8
1   libdispatch.dylib             	       0x1a015c990 _dispatch_sema4_wait + 28
2   libdispatch.dylib             	       0x1a015cf40 _dispatch_semaphore_wait_slow + 132
3   Cyberpunk2077                 	       0x103733b04 0x102d58000 + 10337028
4   Cyberpunk2077                 	       0x1037333c4 0x102d58000 + 10335172
5   Cyberpunk2077                 	       0x103733e9c 0x102d58000 + 10337948
6   Cyberpunk2077                 	       0x102d5c208 0x102d58000 + 16904
7   libsystem_pthread.dylib       	       0x1a0317c08 _pthread_start + 136
8   libsystem_pthread.dylib       	       0x1a0312ba8 thread_start + 8

Thread 7:: redDispatcher2
0   libsystem_kernel.dylib        	       0x1a02d4bb0 semaphore_wait_trap + 8
1   libdispatch.dylib             	       0x1a015c990 _dispatch_sema4_wait + 28
2   libdispatch.dylib             	       0x1a015cf40 _dispatch_semaphore_wait_slow + 132
3   Cyberpunk2077                 	       0x103733b04 0x102d58000 + 10337028
4   Cyberpunk2077                 	       0x1037333c4 0x102d58000 + 10335172
5   Cyberpunk2077                 	       0x103733e9c 0x102d58000 + 10337948
6   Cyberpunk2077                 	       0x102d5c208 0x102d58000 + 16904
7   libsystem_pthread.dylib       	       0x1a0317c08 _pthread_start + 136
8   libsystem_pthread.dylib       	       0x1a0312ba8 thread_start + 8

Thread 8:: redDispatcher3
0   libsystem_kernel.dylib        	       0x1a02d4bb0 semaphore_wait_trap + 8
1   libdispatch.dylib             	       0x1a015c990 _dispatch_sema4_wait + 28
2   libdispatch.dylib             	       0x1a015cf40 _dispatch_semaphore_wait_slow + 132
3   Cyberpunk2077                 	       0x103733b04 0x102d58000 + 10337028
4   Cyberpunk2077                 	       0x1037333c4 0x102d58000 + 10335172
5   Cyberpunk2077                 	       0x103733e9c 0x102d58000 + 10337948
6   Cyberpunk2077                 	       0x102d5c208 0x102d58000 + 16904
7   libsystem_pthread.dylib       	       0x1a0317c08 _pthread_start + 136
8   libsystem_pthread.dylib       	       0x1a0312ba8 thread_start + 8

Thread 9:: redDispatcher4
0   Cyberpunk2077                 	       0x103c4ee94 0x102d58000 + 15691412
1   Cyberpunk2077                 	       0x103c536bc 0x102d58000 + 15709884
2   Cyberpunk2077                 	       0x103c4d304 0x102d58000 + 15684356
3   Cyberpunk2077                 	       0x103c4e14c 0x102d58000 + 15688012
4   Cyberpunk2077                 	       0x103e6c6b4 0x102d58000 + 17909428
5   Cyberpunk2077                 	       0x1037301b4 0x102d58000 + 10322356
6   Cyberpunk2077                 	       0x103733f18 0x102d58000 + 10338072
7   Cyberpunk2077                 	       0x102d5c208 0x102d58000 + 16904
8   libsystem_pthread.dylib       	       0x1a0317c08 _pthread_start + 136
9   libsystem_pthread.dylib       	       0x1a0312ba8 thread_start + 8

Thread 10:: redDispatcher5
0   libsystem_kernel.dylib        	       0x1a02d4bb0 semaphore_wait_trap + 8
1   libdispatch.dylib             	       0x1a015c990 _dispatch_sema4_wait + 28
2   libdispatch.dylib             	       0x1a015cf40 _dispatch_semaphore_wait_slow + 132
3   Cyberpunk2077                 	       0x103733b04 0x102d58000 + 10337028
4   Cyberpunk2077                 	       0x1037333c4 0x102d58000 + 10335172
5   Cyberpunk2077                 	       0x103733e9c 0x102d58000 + 10337948
6   Cyberpunk2077                 	       0x102d5c208 0x102d58000 + 16904
7   libsystem_pthread.dylib       	       0x1a0317c08 _pthread_start + 136
8   libsystem_pthread.dylib       	       0x1a0312ba8 thread_start + 8

Thread 11:: redDispatcher6
0   libsystem_kernel.dylib        	       0x1a02d4bb0 semaphore_wait_trap + 8
1   libdispatch.dylib             	       0x1a015c990 _dispatch_sema4_wait + 28
2   libdispatch.dylib             	       0x1a015cf40 _dispatch_semaphore_wait_slow + 132
3   Cyberpunk2077                 	       0x103733b04 0x102d58000 + 10337028
4   Cyberpunk2077                 	       0x1037333c4 0x102d58000 + 10335172
5   Cyberpunk2077                 	       0x103733e9c 0x102d58000 + 10337948
6   Cyberpunk2077                 	       0x102d5c208 0x102d58000 + 16904
7   libsystem_pthread.dylib       	       0x1a0317c08 _pthread_start + 136
8   libsystem_pthread.dylib       	       0x1a0312ba8 thread_start + 8

Thread 12:: redDispatcher7
0   libsystem_kernel.dylib        	       0x1a02d4bb0 semaphore_wait_trap + 8
1   libdispatch.dylib             	       0x1a015c990 _dispatch_sema4_wait + 28
2   libdispatch.dylib             	       0x1a015cf40 _dispatch_semaphore_wait_slow + 132
3   Cyberpunk2077                 	       0x103733b04 0x102d58000 + 10337028
4   Cyberpunk2077                 	       0x1037333c4 0x102d58000 + 10335172
5   Cyberpunk2077                 	       0x103733e9c 0x102d58000 + 10337948
6   Cyberpunk2077                 	       0x102d5c208 0x102d58000 + 16904
7   libsystem_pthread.dylib       	       0x1a0317c08 _pthread_start + 136
8   libsystem_pthread.dylib       	       0x1a0312ba8 thread_start + 8

Thread 13:: redDispatcher8
0   libsystem_kernel.dylib        	       0x1a02d4bb0 semaphore_wait_trap + 8
1   libdispatch.dylib             	       0x1a015c990 _dispatch_sema4_wait + 28
2   libdispatch.dylib             	       0x1a015cf40 _dispatch_semaphore_wait_slow + 132
3   Cyberpunk2077                 	       0x103733b04 0x102d58000 + 10337028
4   Cyberpunk2077                 	       0x1037333c4 0x102d58000 + 10335172
5   Cyberpunk2077                 	       0x103733e9c 0x102d58000 + 10337948
6   Cyberpunk2077                 	       0x102d5c208 0x102d58000 + 16904
7   libsystem_pthread.dylib       	       0x1a0317c08 _pthread_start + 136
8   libsystem_pthread.dylib       	       0x1a0312ba8 thread_start + 8

Thread 14:: redDispatcher9
0   libsystem_kernel.dylib        	       0x1a02d4bb0 semaphore_wait_trap + 8
1   libdispatch.dylib             	       0x1a015c990 _dispatch_sema4_wait + 28
2   libdispatch.dylib             	       0x1a015cf40 _dispatch_semaphore_wait_slow + 132
3   Cyberpunk2077                 	       0x103733b04 0x102d58000 + 10337028
4   Cyberpunk2077                 	       0x1037333c4 0x102d58000 + 10335172
5   Cyberpunk2077                 	       0x103733e9c 0x102d58000 + 10337948
6   Cyberpunk2077                 	       0x102d5c208 0x102d58000 + 16904
7   libsystem_pthread.dylib       	       0x1a0317c08 _pthread_start + 136
8   libsystem_pthread.dylib       	       0x1a0312ba8 thread_start + 8

Thread 15:: redDispatcher10
0   libsystem_kernel.dylib        	       0x1a02d4bb0 semaphore_wait_trap + 8
1   libdispatch.dylib             	       0x1a015c990 _dispatch_sema4_wait + 28
2   libdispatch.dylib             	       0x1a015cf40 _dispatch_semaphore_wait_slow + 132
3   Cyberpunk2077                 	       0x103733b04 0x102d58000 + 10337028
4   Cyberpunk2077                 	       0x1037333c4 0x102d58000 + 10335172
5   Cyberpunk2077                 	       0x103733e9c 0x102d58000 + 10337948
6   Cyberpunk2077                 	       0x102d5c208 0x102d58000 + 16904
7   libsystem_pthread.dylib       	       0x1a0317c08 _pthread_start + 136
8   libsystem_pthread.dylib       	       0x1a0312ba8 thread_start + 8

Thread 16:: redDispatcher11
0   libsystem_kernel.dylib        	       0x1a02d4bb0 semaphore_wait_trap + 8
1   libdispatch.dylib             	       0x1a015c990 _dispatch_sema4_wait + 28
2   libdispatch.dylib             	       0x1a015cf40 _dispatch_semaphore_wait_slow + 132
3   Cyberpunk2077                 	       0x103733b04 0x102d58000 + 10337028
4   Cyberpunk2077                 	       0x1037333c4 0x102d58000 + 10335172
5   Cyberpunk2077                 	       0x103733e9c 0x102d58000 + 10337948
6   Cyberpunk2077                 	       0x102d5c208 0x102d58000 + 16904
7   libsystem_pthread.dylib       	       0x1a0317c08 _pthread_start + 136
8   libsystem_pthread.dylib       	       0x1a0312ba8 thread_start + 8

Thread 17 Crashed:: redDispatcher12
0   Cyberpunk2077                 	       0x104aa8d24 0x102d58000 + 30739748
1   Cyberpunk2077                 	       0x104aab620 0x102d58000 + 30750240
2   Cyberpunk2077                 	       0x104aab36c 0x102d58000 + 30749548
3   Cyberpunk2077                 	       0x104ac450c 0x102d58000 + 30852364
4   Cyberpunk2077                 	       0x106d23d28 0x102d58000 + 66895144
5   Cyberpunk2077                 	       0x106ae9bbc 0x102d58000 + 64560060
6   Cyberpunk2077                 	       0x106ae9ac8 job::prv::JobShim<SystemsUpdater::Node::LinkJob_NoFence(job::Builder&, UpdateContext const&) const::'lambda'(job::RunContext const&), job::PoolJobs2Data>::RunJob(void*, job::RunContext const&) + 52
7   Cyberpunk2077                 	       0x1037301b4 0x102d58000 + 10322356
8   Cyberpunk2077                 	       0x103733f18 0x102d58000 + 10338072
9   Cyberpunk2077                 	       0x102d5c208 0x102d58000 + 16904
10  libsystem_pthread.dylib       	       0x1a0317c08 _pthread_start + 136
11  libsystem_pthread.dylib       	       0x1a0312ba8 thread_start + 8

Thread 18:: redDispatcher13
0   libsystem_kernel.dylib        	       0x1a02d4bb0 semaphore_wait_trap + 8
1   libdispatch.dylib             	       0x1a015c990 _dispatch_sema4_wait + 28
2   libdispatch.dylib             	       0x1a015cf40 _dispatch_semaphore_wait_slow + 132
3   Cyberpunk2077                 	       0x103733b04 0x102d58000 + 10337028
4   Cyberpunk2077                 	       0x1037333c4 0x102d58000 + 10335172
5   Cyberpunk2077                 	       0x103733e9c 0x102d58000 + 10337948
6   Cyberpunk2077                 	       0x102d5c208 0x102d58000 + 16904
7   libsystem_pthread.dylib       	       0x1a0317c08 _pthread_start + 136
8   libsystem_pthread.dylib       	       0x1a0312ba8 thread_start + 8

Thread 19:: redDispatcher14
0   libsystem_kernel.dylib        	       0x1a02d4bb0 semaphore_wait_trap + 8
1   libdispatch.dylib             	       0x1a015c990 _dispatch_sema4_wait + 28
2   libdispatch.dylib             	       0x1a015cf40 _dispatch_semaphore_wait_slow + 132
3   Cyberpunk2077                 	       0x103733b04 0x102d58000 + 10337028
4   Cyberpunk2077                 	       0x1037333c4 0x102d58000 + 10335172
5   Cyberpunk2077                 	       0x103733e9c 0x102d58000 + 10337948
6   Cyberpunk2077                 	       0x102d5c208 0x102d58000 + 16904
7   libsystem_pthread.dylib       	       0x1a0317c08 _pthread_start + 136
8   libsystem_pthread.dylib       	       0x1a0312ba8 thread_start + 8

Thread 20:: redDispatcher15
0   libsystem_kernel.dylib        	       0x1a02d4bb0 semaphore_wait_trap + 8
1   libdispatch.dylib             	       0x1a015c990 _dispatch_sema4_wait + 28
2   libdispatch.dylib             	       0x1a015cf40 _dispatch_semaphore_wait_slow + 132
3   Cyberpunk2077                 	       0x103733b04 0x102d58000 + 10337028
4   Cyberpunk2077                 	       0x1037333c4 0x102d58000 + 10335172
5   Cyberpunk2077                 	       0x103733e9c 0x102d58000 + 10337948
6   Cyberpunk2077                 	       0x102d5c208 0x102d58000 + 16904
7   libsystem_pthread.dylib       	       0x1a0317c08 _pthread_start + 136
8   libsystem_pthread.dylib       	       0x1a0312ba8 thread_start + 8

Thread 21:
0   libsystem_kernel.dylib        	       0x1a02d84f8 __psynch_cvwait + 8
1   libsystem_pthread.dylib       	       0x1a03180dc _pthread_cond_wait + 984
2   libc++.1.dylib                	       0x1a0248754 std::__1::condition_variable::wait(std::__1::unique_lock<std::__1::mutex>&) + 32
3   libREDGalaxy64.dylib          	       0x111906d88 gog::LoggingCore::TrafficThreadFunction() + 152
4   libREDGalaxy64.dylib          	       0x1119137a8 void* std::__1::__thread_proxy[abi:ne180100]<std::__1::tuple<std::__1::unique_ptr<std::__1::__thread_struct, std::__1::default_delete<std::__1::__thread_struct>>, std::__1::function<void ()>>>(void*) + 64
5   libsystem_pthread.dylib       	       0x1a0317c08 _pthread_start + 136
6   libsystem_pthread.dylib       	       0x1a0312ba8 thread_start + 8

Thread 22:
0   libsystem_kernel.dylib        	       0x1a02d84f8 __psynch_cvwait + 8
1   libsystem_pthread.dylib       	       0x1a03180dc _pthread_cond_wait + 984
2   libc++.1.dylib                	       0x1a02487ec std::__1::condition_variable::__do_timed_wait(std::__1::unique_lock<std::__1::mutex>&, std::__1::chrono::time_point<std::__1::chrono::system_clock, std::__1::chrono::duration<long long, std::__1::ratio<1l, 1000000000l>>>) + 104
3   libREDGalaxy64.dylib          	       0x111d6f8d8 std::__1::cv_status std::__1::condition_variable::wait_for<unsigned long long, std::__1::ratio<1l, 1000000l>>(std::__1::unique_lock<std::__1::mutex>&, std::__1::chrono::duration<unsigned long long, std::__1::ratio<1l, 1000000l>> const&) + 332
4   libREDGalaxy64.dylib          	       0x111d6f714 galaxy::peer::InternalThread::SleepIfNotNotifed(gog::TimeInterval const&) + 116
5   libREDGalaxy64.dylib          	       0x111d6ff40 galaxy::peer::InternalThread::Run() + 1556
6   libREDGalaxy64.dylib          	       0x111d73024 galaxy::peer::InternalThread::InternalThread(std::__1::shared_ptr<gog::ILoggerRoot> const&, galaxy::peer::GalaxyPeerApplication*, boost::optional<std::__1::basic_string<char, std::__1::char_traits<char>, std::__1::allocator<char>>>)::$_0::operator()() const + 28
7   libREDGalaxy64.dylib          	       0x111d72ffc decltype(std::declval<galaxy::peer::InternalThread::InternalThread(std::__1::shared_ptr<gog::ILoggerRoot> const&, galaxy::peer::GalaxyPeerApplication*, boost::optional<std::__1::basic_string<char, std::__1::char_traits<char>, std::__1::allocator<char>>>)::$_0&>()()) std::__1::__invoke[abi:de180100]<galaxy::peer::InternalThread::InternalThread(std::__1::shared_ptr<gog::ILoggerRoot> const&, galaxy::peer::GalaxyPeerApplication*, boost::optional<std::__1::basic_string<char, std::__1::char_traits<char>, std::__1::allocator<char>>>)::$_0&>(galaxy::peer::InternalThread::InternalThread(std::__1::shared_ptr<gog::ILoggerRoot> const&, galaxy::peer::GalaxyPeerApplication*, boost::optional<std::__1::basic_string<char, std::__1::char_traits<char>, std::__1::allocator<char>>>)::$_0&) + 24
8   libREDGalaxy64.dylib          	       0x111d72fb4 void std::__1::__invoke_void_return_wrapper<void, true>::__call[abi:de180100]<galaxy::peer::InternalThread::InternalThread(std::__1::shared_ptr<gog::ILoggerRoot> const&, galaxy::peer::GalaxyPeerApplication*, boost::optional<std::__1::basic_string<char, std::__1::char_traits<char>, std::__1::allocator<char>>>)::$_0&>(galaxy::peer::InternalThread::InternalThread(std::__1::shared_ptr<gog::ILoggerRoot> const&, galaxy::peer::GalaxyPeerApplication*, boost::optional<std::__1::basic_string<char, std::__1::char_traits<char>, std::__1::allocator<char>>>)::$_0&) + 24
9   libREDGalaxy64.dylib          	       0x111d72f90 std::__1::__function::__alloc_func<galaxy::peer::InternalThread::InternalThread(std::__1::shared_ptr<gog::ILoggerRoot> const&, galaxy::peer::GalaxyPeerApplication*, boost::optional<std::__1::basic_string<char, std::__1::char_traits<char>, std::__1::allocator<char>>>)::$_0, std::__1::allocator<galaxy::peer::InternalThread::InternalThread(std::__1::shared_ptr<gog::ILoggerRoot> const&, galaxy::peer::GalaxyPeerApplication*, boost::optional<std::__1::basic_string<char, std::__1::char_traits<char>, std::__1::allocator<char>>>)::$_0>, void ()>::operator()[abi:de180100]() + 28
10  libREDGalaxy64.dylib          	       0x111d71df4 std::__1::__function::__func<galaxy::peer::InternalThread::InternalThread(std::__1::shared_ptr<gog::ILoggerRoot> const&, galaxy::peer::GalaxyPeerApplication*, boost::optional<std::__1::basic_string<char, std::__1::char_traits<char>, std::__1::allocator<char>>>)::$_0, std::__1::allocator<galaxy::peer::InternalThread::InternalThread(std::__1::shared_ptr<gog::ILoggerRoot> const&, galaxy::peer::GalaxyPeerApplication*, boost::optional<std::__1::basic_string<char, std::__1::char_traits<char>, std::__1::allocator<char>>>)::$_0>, void ()>::operator()() + 28
11  libREDGalaxy64.dylib          	       0x1119137a8 void* std::__1::__thread_proxy[abi:ne180100]<std::__1::tuple<std::__1::unique_ptr<std::__1::__thread_struct, std::__1::default_delete<std::__1::__thread_struct>>, std::__1::function<void ()>>>(void*) + 64
12  libsystem_pthread.dylib       	       0x1a0317c08 _pthread_start + 136
13  libsystem_pthread.dylib       	       0x1a0312ba8 thread_start + 8

Thread 23:
0   libsystem_kernel.dylib        	       0x1a02d84f8 __psynch_cvwait + 8
1   libsystem_pthread.dylib       	       0x1a03180dc _pthread_cond_wait + 984
2   libc++.1.dylib                	       0x1a0248754 std::__1::condition_variable::wait(std::__1::unique_lock<std::__1::mutex>&) + 32
3   libREDGalaxy64.dylib          	       0x1118cec6c gog::AbstractHttpClient<gog::RequestContext>::ThreadFunction() + 140
4   libREDGalaxy64.dylib          	       0x1119137a8 void* std::__1::__thread_proxy[abi:ne180100]<std::__1::tuple<std::__1::unique_ptr<std::__1::__thread_struct, std::__1::default_delete<std::__1::__thread_struct>>, std::__1::function<void ()>>>(void*) + 64
5   libsystem_pthread.dylib       	       0x1a0317c08 _pthread_start + 136
6   libsystem_pthread.dylib       	       0x1a0312ba8 thread_start + 8

Thread 24:
0   libsystem_kernel.dylib        	       0x1a02d84f8 __psynch_cvwait + 8
1   libsystem_pthread.dylib       	       0x1a03180dc _pthread_cond_wait + 984
2   libc++.1.dylib                	       0x1a0248754 std::__1::condition_variable::wait(std::__1::unique_lock<std::__1::mutex>&) + 32
3   libREDGalaxy64.dylib          	       0x1118cec6c gog::AbstractHttpClient<gog::RequestContext>::ThreadFunction() + 140
4   libREDGalaxy64.dylib          	       0x1119137a8 void* std::__1::__thread_proxy[abi:ne180100]<std::__1::tuple<std::__1::unique_ptr<std::__1::__thread_struct, std::__1::default_delete<std::__1::__thread_struct>>, std::__1::function<void ()>>>(void*) + 64
5   libsystem_pthread.dylib       	       0x1a0317c08 _pthread_start + 136
6   libsystem_pthread.dylib       	       0x1a0312ba8 thread_start + 8

Thread 25:
0   libsystem_kernel.dylib        	       0x1a02d84f8 __psynch_cvwait + 8
1   libsystem_pthread.dylib       	       0x1a03180dc _pthread_cond_wait + 984
2   libc++.1.dylib                	       0x1a0248754 std::__1::condition_variable::wait(std::__1::unique_lock<std::__1::mutex>&) + 32
3   libREDGalaxy64.dylib          	       0x1118cec6c gog::AbstractHttpClient<gog::RequestContext>::ThreadFunction() + 140
4   libREDGalaxy64.dylib          	       0x1119137a8 void* std::__1::__thread_proxy[abi:ne180100]<std::__1::tuple<std::__1::unique_ptr<std::__1::__thread_struct, std::__1::default_delete<std::__1::__thread_struct>>, std::__1::function<void ()>>>(void*) + 64
5   libsystem_pthread.dylib       	       0x1a0317c08 _pthread_start + 136
6   libsystem_pthread.dylib       	       0x1a0312ba8 thread_start + 8

Thread 26:
0   libsystem_kernel.dylib        	       0x1a02d84f8 __psynch_cvwait + 8
1   libsystem_pthread.dylib       	       0x1a03180dc _pthread_cond_wait + 984
2   libc++.1.dylib                	       0x1a0248754 std::__1::condition_variable::wait(std::__1::unique_lock<std::__1::mutex>&) + 32
3   libREDGalaxy64.dylib          	       0x1118cec6c gog::AbstractHttpClient<gog::RequestContext>::ThreadFunction() + 140
4   libREDGalaxy64.dylib          	       0x1119137a8 void* std::__1::__thread_proxy[abi:ne180100]<std::__1::tuple<std::__1::unique_ptr<std::__1::__thread_struct, std::__1::default_delete<std::__1::__thread_struct>>, std::__1::function<void ()>>>(void*) + 64
5   libsystem_pthread.dylib       	       0x1a0317c08 _pthread_start + 136
6   libsystem_pthread.dylib       	       0x1a0312ba8 thread_start + 8

Thread 27:
0   libsystem_kernel.dylib        	       0x1a02d84f8 __psynch_cvwait + 8
1   libsystem_pthread.dylib       	       0x1a03180dc _pthread_cond_wait + 984
2   libc++.1.dylib                	       0x1a0248754 std::__1::condition_variable::wait(std::__1::unique_lock<std::__1::mutex>&) + 32
3   libREDGalaxy64.dylib          	       0x1118cec6c gog::AbstractHttpClient<gog::RequestContext>::ThreadFunction() + 140
4   libREDGalaxy64.dylib          	       0x1119137a8 void* std::__1::__thread_proxy[abi:ne180100]<std::__1::tuple<std::__1::unique_ptr<std::__1::__thread_struct, std::__1::default_delete<std::__1::__thread_struct>>, std::__1::function<void ()>>>(void*) + 64
5   libsystem_pthread.dylib       	       0x1a0317c08 _pthread_start + 136
6   libsystem_pthread.dylib       	       0x1a0312ba8 thread_start + 8

Thread 28:
0   libsystem_kernel.dylib        	       0x1a02d84f8 __psynch_cvwait + 8
1   libsystem_pthread.dylib       	       0x1a03180dc _pthread_cond_wait + 984
2   libc++.1.dylib                	       0x1a0248754 std::__1::condition_variable::wait(std::__1::unique_lock<std::__1::mutex>&) + 32
3   libREDGalaxy64.dylib          	       0x1118cec6c gog::AbstractHttpClient<gog::RequestContext>::ThreadFunction() + 140
4   libREDGalaxy64.dylib          	       0x1119137a8 void* std::__1::__thread_proxy[abi:ne180100]<std::__1::tuple<std::__1::unique_ptr<std::__1::__thread_struct, std::__1::default_delete<std::__1::__thread_struct>>, std::__1::function<void ()>>>(void*) + 64
5   libsystem_pthread.dylib       	       0x1a0317c08 _pthread_start + 136
6   libsystem_pthread.dylib       	       0x1a0312ba8 thread_start + 8

Thread 29:
0   libsystem_kernel.dylib        	       0x1a02d84f8 __psynch_cvwait + 8
1   libsystem_pthread.dylib       	       0x1a03180dc _pthread_cond_wait + 984
2   libc++.1.dylib                	       0x1a0248754 std::__1::condition_variable::wait(std::__1::unique_lock<std::__1::mutex>&) + 32
3   libREDGalaxy64.dylib          	       0x1118cec6c gog::AbstractHttpClient<gog::RequestContext>::ThreadFunction() + 140
4   libREDGalaxy64.dylib          	       0x1119137a8 void* std::__1::__thread_proxy[abi:ne180100]<std::__1::tuple<std::__1::unique_ptr<std::__1::__thread_struct, std::__1::default_delete<std::__1::__thread_struct>>, std::__1::function<void ()>>>(void*) + 64
5   libsystem_pthread.dylib       	       0x1a0317c08 _pthread_start + 136
6   libsystem_pthread.dylib       	       0x1a0312ba8 thread_start + 8

Thread 30:
0   libsystem_kernel.dylib        	       0x1a02d84f8 __psynch_cvwait + 8
1   libsystem_pthread.dylib       	       0x1a03180dc _pthread_cond_wait + 984
2   libc++.1.dylib                	       0x1a0248754 std::__1::condition_variable::wait(std::__1::unique_lock<std::__1::mutex>&) + 32
3   libREDGalaxy64.dylib          	       0x1118cec6c gog::AbstractHttpClient<gog::RequestContext>::ThreadFunction() + 140
4   libREDGalaxy64.dylib          	       0x1119137a8 void* std::__1::__thread_proxy[abi:ne180100]<std::__1::tuple<std::__1::unique_ptr<std::__1::__thread_struct, std::__1::default_delete<std::__1::__thread_struct>>, std::__1::function<void ()>>>(void*) + 64
5   libsystem_pthread.dylib       	       0x1a0317c08 _pthread_start + 136
6   libsystem_pthread.dylib       	       0x1a0312ba8 thread_start + 8

Thread 31:: WatchdogThread
0   libsystem_kernel.dylib        	       0x1a02d82f4 __semwait_signal + 8
1   libsystem_c.dylib             	       0x1a01b0d6c nanosleep + 220
2   libsystem_c.dylib             	       0x1a01b0c84 usleep + 68
3   Cyberpunk2077                 	       0x106afdab8 0x102d58000 + 64641720
4   Cyberpunk2077                 	       0x102d5c208 0x102d58000 + 16904
5   libsystem_pthread.dylib       	       0x1a0317c08 _pthread_start + 136
6   libsystem_pthread.dylib       	       0x1a0312ba8 thread_start + 8

Thread 32:: GameServicesMac
0   libsystem_kernel.dylib        	       0x1a02d84f8 __psynch_cvwait + 8
1   libsystem_pthread.dylib       	       0x1a03180dc _pthread_cond_wait + 984
2   Cyberpunk2077                 	       0x103ac9100 0x102d58000 + 14094592
3   Cyberpunk2077                 	       0x102d5c208 0x102d58000 + 16904
4   libsystem_pthread.dylib       	       0x1a0317c08 _pthread_start + 136
5   libsystem_pthread.dylib       	       0x1a0312ba8 thread_start + 8

Thread 33:: RawTcpNetworkTh
0   libsystem_kernel.dylib        	       0x1a02dfe54 __select + 8
1   Cyberpunk2077                 	       0x10533b564 0x102d58000 + 39728484
2   Cyberpunk2077                 	       0x102d5c208 0x102d58000 + 16904
3   libsystem_pthread.dylib       	       0x1a0317c08 _pthread_start + 136
4   libsystem_pthread.dylib       	       0x1a0312ba8 thread_start + 8

Thread 34:: PacketNetworkMa
0   libsystem_kernel.dylib        	       0x1a02d84f8 __psynch_cvwait + 8
1   libsystem_pthread.dylib       	       0x1a03180dc _pthread_cond_wait + 984
2   Cyberpunk2077                 	       0x105337884 0x102d58000 + 39712900
3   Cyberpunk2077                 	       0x102d5c208 0x102d58000 + 16904
4   libsystem_pthread.dylib       	       0x1a0317c08 _pthread_start + 136
5   libsystem_pthread.dylib       	       0x1a0312ba8 thread_start + 8

Thread 35:
0   libsystem_kernel.dylib        	       0x1a02d84f8 __psynch_cvwait + 8
1   libsystem_pthread.dylib       	       0x1a03180dc _pthread_cond_wait + 984
2   Cyberpunk2077                 	       0x1033561a8 0x102d58000 + 6283688
3   libsystem_pthread.dylib       	       0x1a0317c08 _pthread_start + 136
4   libsystem_pthread.dylib       	       0x1a0312ba8 thread_start + 8

Thread 36:
0   libsystem_kernel.dylib        	       0x1a02d84f8 __psynch_cvwait + 8
1   libsystem_pthread.dylib       	       0x1a03180dc _pthread_cond_wait + 984
2   Cyberpunk2077                 	       0x1033561a8 0x102d58000 + 6283688
3   libsystem_pthread.dylib       	       0x1a0317c08 _pthread_start + 136
4   libsystem_pthread.dylib       	       0x1a0312ba8 thread_start + 8

Thread 37:
0   libsystem_kernel.dylib        	       0x1a02d4bb0 semaphore_wait_trap + 8
1   Cyberpunk2077                 	       0x103311860 0x102d58000 + 6002784
2   libsystem_pthread.dylib       	       0x1a0317c08 _pthread_start + 136
3   libsystem_pthread.dylib       	       0x1a0312ba8 thread_start + 8

Thread 38:
0   libsystem_kernel.dylib        	       0x1a02d4bb0 semaphore_wait_trap + 8
1   Cyberpunk2077                 	       0x1032c7138 0x102d58000 + 5697848
2   libsystem_pthread.dylib       	       0x1a0317c08 _pthread_start + 136
3   libsystem_pthread.dylib       	       0x1a0312ba8 thread_start + 8

Thread 39:
0   libsystem_kernel.dylib        	       0x1a02d4bb0 semaphore_wait_trap + 8
1   Cyberpunk2077                 	       0x103319f00 0x102d58000 + 6037248
2   libsystem_pthread.dylib       	       0x1a0317c08 _pthread_start + 136
3   libsystem_pthread.dylib       	       0x1a0312ba8 thread_start + 8

Thread 40:: caulk.messenger.shared:17
0   libsystem_kernel.dylib        	       0x1a02d4bb0 semaphore_wait_trap + 8
1   caulk                         	       0x1ac964e08 caulk::semaphore::timed_wait(double) + 224
2   caulk                         	       0x1ac964cb0 caulk::concurrent::details::worker_thread::run() + 32
3   caulk                         	       0x1ac964950 void* caulk::thread_proxy<std::__1::tuple<caulk::thread::attributes, void (caulk::concurrent::details::worker_thread::*)(), std::__1::tuple<caulk::concurrent::details::worker_thread*>>>(void*) + 96
4   libsystem_pthread.dylib       	       0x1a0317c08 _pthread_start + 136
5   libsystem_pthread.dylib       	       0x1a0312ba8 thread_start + 8

Thread 41:: caulk.messenger.shared:high
0   libsystem_kernel.dylib        	       0x1a02d4bb0 semaphore_wait_trap + 8
1   caulk                         	       0x1ac964e08 caulk::semaphore::timed_wait(double) + 224
2   caulk                         	       0x1ac964cb0 caulk::concurrent::details::worker_thread::run() + 32
3   caulk                         	       0x1ac964950 void* caulk::thread_proxy<std::__1::tuple<caulk::thread::attributes, void (caulk::concurrent::details::worker_thread::*)(), std::__1::tuple<caulk::concurrent::details::worker_thread*>>>(void*) + 96
4   libsystem_pthread.dylib       	       0x1a0317c08 _pthread_start + 136
5   libsystem_pthread.dylib       	       0x1a0312ba8 thread_start + 8

Thread 42:

Thread 43:

Thread 44:: com.apple.audio.toolbox.AUScheduledParameterRefresher
0   libsystem_kernel.dylib        	       0x1a02d4bb0 semaphore_wait_trap + 8
1   caulk                         	       0x1ac964e08 caulk::semaphore::timed_wait(double) + 224
2   caulk                         	       0x1ac964cb0 caulk::concurrent::details::worker_thread::run() + 32
3   caulk                         	       0x1ac964950 void* caulk::thread_proxy<std::__1::tuple<caulk::thread::attributes, void (caulk::concurrent::details::worker_thread::*)(), std::__1::tuple<caulk::concurrent::details::worker_thread*>>>(void*) + 96
4   libsystem_pthread.dylib       	       0x1a0317c08 _pthread_start + 136
5   libsystem_pthread.dylib       	       0x1a0312ba8 thread_start + 8

Thread 45:: caulk::deferred_logger
0   libsystem_kernel.dylib        	       0x1a02d4bb0 semaphore_wait_trap + 8
1   caulk                         	       0x1ac964e08 caulk::semaphore::timed_wait(double) + 224
2   caulk                         	       0x1ac964cb0 caulk::concurrent::details::worker_thread::run() + 32
3   caulk                         	       0x1ac964950 void* caulk::thread_proxy<std::__1::tuple<caulk::thread::attributes, void (caulk::concurrent::details::worker_thread::*)(), std::__1::tuple<caulk::concurrent::details::worker_thread*>>>(void*) + 96
4   libsystem_pthread.dylib       	       0x1a0317c08 _pthread_start + 136
5   libsystem_pthread.dylib       	       0x1a0312ba8 thread_start + 8

Thread 46:
0   libsystem_kernel.dylib        	       0x1a02d84f8 __psynch_cvwait + 8
1   libsystem_pthread.dylib       	       0x1a03180dc _pthread_cond_wait + 984
2   libBink2MacArm64.dylib        	       0x10da492cc 0x10da28000 + 135884
3   libBink2MacArm64.dylib        	       0x10da2c950 0x10da28000 + 18768
4   libBink2MacArm64.dylib        	       0x10da2ce60 0x10da28000 + 20064
5   libBink2MacArm64.dylib        	       0x10da2cd78 0x10da28000 + 19832
6   libBink2MacArm64.dylib        	       0x10da48dcc 0x10da28000 + 134604
7   libsystem_pthread.dylib       	       0x1a0317c08 _pthread_start + 136
8   libsystem_pthread.dylib       	       0x1a0312ba8 thread_start + 8

Thread 47:
0   libsystem_kernel.dylib        	       0x1a02d84f8 __psynch_cvwait + 8
1   libsystem_pthread.dylib       	       0x1a03180dc _pthread_cond_wait + 984
2   libBink2MacArm64.dylib        	       0x10da492cc 0x10da28000 + 135884
3   libBink2MacArm64.dylib        	       0x10da2c950 0x10da28000 + 18768
4   libBink2MacArm64.dylib        	       0x10da2ce60 0x10da28000 + 20064
5   libBink2MacArm64.dylib        	       0x10da2cd78 0x10da28000 + 19832
6   libBink2MacArm64.dylib        	       0x10da48dcc 0x10da28000 + 134604
7   libsystem_pthread.dylib       	       0x1a0317c08 _pthread_start + 136
8   libsystem_pthread.dylib       	       0x1a0312ba8 thread_start + 8

Thread 48:

Thread 49:

Thread 50:
0   libsystem_kernel.dylib        	       0x1a02d84f8 __psynch_cvwait + 8
1   libsystem_pthread.dylib       	       0x1a03180dc _pthread_cond_wait + 984
2   libBink2MacArm64.dylib        	       0x10da492cc 0x10da28000 + 135884
3   libBink2MacArm64.dylib        	       0x10da35154 0x10da28000 + 53588
4   libBink2MacArm64.dylib        	       0x10da48dcc 0x10da28000 + 134604
5   libsystem_pthread.dylib       	       0x1a0317c08 _pthread_start + 136
6   libsystem_pthread.dylib       	       0x1a0312ba8 thread_start + 8

Thread 51:: ausm_messenger_for_buffer_disposal
0   libsystem_kernel.dylib        	       0x1a02d4bb0 semaphore_wait_trap + 8
1   caulk                         	       0x1ac964e08 caulk::semaphore::timed_wait(double) + 224
2   caulk                         	       0x1ac964cb0 caulk::concurrent::details::worker_thread::run() + 32
3   caulk                         	       0x1ac964950 void* caulk::thread_proxy<std::__1::tuple<caulk::thread::attributes, void (caulk::concurrent::details::worker_thread::*)(), std::__1::tuple<caulk::concurrent::details::worker_thread*>>>(void*) + 96
4   libsystem_pthread.dylib       	       0x1a0317c08 _pthread_start + 136
5   libsystem_pthread.dylib       	       0x1a0312ba8 thread_start + 8

Thread 52:

Thread 53:

Thread 54:

Thread 55:: adc_headtracker_messenger_for_bt_llm_update
0   libsystem_kernel.dylib        	       0x1a02d4bb0 semaphore_wait_trap + 8
1   caulk                         	       0x1ac964e08 caulk::semaphore::timed_wait(double) + 224
2   caulk                         	       0x1ac964cb0 caulk::concurrent::details::worker_thread::run() + 32
3   caulk                         	       0x1ac964950 void* caulk::thread_proxy<std::__1::tuple<caulk::thread::attributes, void (caulk::concurrent::details::worker_thread::*)(), std::__1::tuple<caulk::concurrent::details::worker_thread*>>>(void*) + 96
4   libsystem_pthread.dylib       	       0x1a0317c08 _pthread_start + 136
5   libsystem_pthread.dylib       	       0x1a0312ba8 thread_start + 8

Thread 56:: com.apple.audio.IOThread.client
0   libsystem_kernel.dylib        	       0x1a02d4bbc semaphore_wait_signal_trap + 8
1   caulk                         	       0x1ac981fac caulk::mach::semaphore::wait_signal_or_error(caulk::mach::semaphore&) + 36
2   CoreAudio                     	       0x1a36306cc HALC_ProxyIOContext::IOWorkLoop() + 5052
3   CoreAudio                     	       0x1a362ec68 invocation function for block in HALC_ProxyIOContext::HALC_ProxyIOContext(unsigned int, unsigned int) + 172
4   CoreAudio                     	       0x1a37f3f0c HALC_IOThread::Entry(void*) + 88
5   libsystem_pthread.dylib       	       0x1a0317c08 _pthread_start + 136
6   libsystem_pthread.dylib       	       0x1a0312ba8 thread_start + 8

Thread 57:: ANEServicesThread
0   libsystem_kernel.dylib        	       0x1a02d4c34 mach_msg2_trap + 8
1   libsystem_kernel.dylib        	       0x1a02e7028 mach_msg2_internal + 76
2   libsystem_kernel.dylib        	       0x1a02dd98c mach_msg_overwrite + 484
3   libsystem_kernel.dylib        	       0x1a02d4fb4 mach_msg + 24
4   CoreFoundation                	       0x1a03b6bb0 __CFRunLoopServiceMachPort + 160
5   CoreFoundation                	       0x1a03b5508 __CFRunLoopRun + 1188
6   CoreFoundation                	       0x1a046ff3c _CFRunLoopRunSpecificWithOptions + 532
7   CoreFoundation                	       0x1a0408a50 CFRunLoopRun + 64
8   ANEServices                   	       0x1bdde43e8 ANE::ANEServicesThreadStart(ANE::ANEServicesThreadParams*) + 152
9   libsystem_pthread.dylib       	       0x1a0317c08 _pthread_start + 136
10  libsystem_pthread.dylib       	       0x1a0312ba8 thread_start + 8


Thread 17 crashed with ARM Thread State (64-bit):
    x0: 0x0000000106affad8   x1: 0x0000007418e4a428   x2: 0x0000007418e4a490   x3: 0x0000000000000001
    x4: 0x0000000b8eff7300   x5: 0x0000000000000000   x6: 0xffffffffbfc007ff   x7: 0xfffff0003ffff800
    x8: 0x000000000000000b   x9: 0x9100c3ffa9414ff4  x10: 0x9100c402ed455ff0  x11: 0x0000000344040ffc
   x12: 0x1bfbd7de00417328  x13: 0x1bfbc7d980416ac0  x14: 0x0000000000017000  x15: 0x000000000000002f
   x16: 0x952d000b8eff7280  x17: 0x0000000fbc7d9ac0  x18: 0x0000000000000000  x19: 0x0000007418e4a490
   x20: 0x0000007418e4a428  x21: 0x0000000106affad8  x22: 0x0000000000000001  x23: 0x00000001a029281b
   x24: 0x0000000b8eff7280  x25: 0x000000016e16ec98  x26: 0x000000016e16ecd8  x27: 0x000000016e16ec50
   x28: 0x0000000109ce3e48   fp: 0x000000016e16eb90   lr: 0x0000000104aab620
    sp: 0x000000016e16eb00   pc: 0x0000000104aa8d24 cpsr: 0x00000000
   far: 0x9100c3ffa9414ff4  esr: 0x92000004 (Data Abort) byte read Translation fault

Binary Images:
       0x102d58000 -        0x109b37fff com.cdprojektred.cyberpunk.steam (2.3.1) <a6656adc-fbe2-36a4-9b9d-b4a9de645089> /Users/USER/Library/Application Support/Steam/*/Cyberpunk2077.app/Contents/MacOS/Cyberpunk2077
       0x10e918000 -        0x10f153fff RED4ext.dylib (*) <32e55c31-317e-37bd-a266-df9e40e34014> /Users/USER/*/RED4ext.dylib
       0x10d974000 -        0x10d977fff libGameServicesSteam.dylib (*) <f95c2aa6-029c-3628-b2dd-d7e65e91b493> /Users/USER/Library/Application Support/Steam/*/Cyberpunk2077.app/Contents/Frameworks/libGameServicesSteam.dylib
       0x10d9f4000 -        0x10d9fffff libsteam_api.dylib (*) <acce0637-6602-3acf-890c-c33a8756ce23> /Users/USER/Library/Application Support/Steam/*/Cyberpunk2077.app/Contents/Frameworks/libsteam_api.dylib
       0x10da28000 -        0x10da5bfff libBink2MacArm64.dylib (*) <15659c8d-63b8-3354-a1df-170479d8ac17> /Users/USER/Library/Application Support/Steam/*/Cyberpunk2077.app/Contents/Frameworks/libBink2MacArm64.dylib
       0x111824000 -        0x11249bfff libREDGalaxy64.dylib (*) <eec1b3c2-3700-362d-abfd-de631c1c705b> /Users/USER/Library/Application Support/Steam/*/Cyberpunk2077.app/Contents/Frameworks/libREDGalaxy64.dylib
       0x10f470000 -        0x10f52ffff TweakXL.dylib (*) <f484a0fa-99ac-3631-a731-a4f6a24d8d63> /Users/USER/Library/Application Support/Steam/*/TweakXL.dylib
       0x10db6c000 -        0x10db93fff libspdlog.1.16.0.dylib (*) <ac1062ea-1feb-3358-96c4-a451bb12cd4f> /opt/homebrew/*/libspdlog.1.16.0.dylib
       0x10dbdc000 -        0x10dbfffff libyaml-cpp.0.8.0.dylib (*) <9e568be0-77f5-3035-99e1-26bf5fa5029c> /opt/homebrew/*/libyaml-cpp.0.8.0.dylib
       0x10da98000 -        0x10daabfff libfmt.12.1.0.dylib (*) <52690c9c-fca8-3d02-bf7e-8d61bfcaf455> /opt/homebrew/*/libfmt.12.1.0.dylib
       0x10dac4000 -        0x10dad3fff MetalFXDenoiser.dylib (*) <ed4b81bf-c4ce-3c61-8157-915bf7a1563d> /Users/USER/Library/Application Support/Steam/*/MetalFXDenoiser.dylib
       0x10dc2c000 -        0x10dc37fff MetalFXDenoiserCore.dylib (*) <99d72433-f078-383d-a2f6-c048484a303b> /Users/USER/Library/Application Support/Steam/*/MetalFXDenoiserCore.dylib
       0x122620000 -        0x122e57fff com.apple.AGXMetalG16X (345.20.1) <8b0fb008-8e01-3344-b5a4-5c871469004e> /System/Library/Extensions/AGXMetalG16X.bundle/Contents/MacOS/AGXMetalG16X
       0x10e854000 -        0x10e867fff ModMenu.dylib (*) <cdaf0f81-455c-3752-b527-0fd75bc81cb5> /Users/USER/Library/Application Support/Steam/*/ModMenu.dylib
       0x10e8c8000 -        0x10e8e3fff libmacos_smoke_test.dylib (*) <bb1ba67c-8ebe-349b-87ff-3ec5cec6e8e4> /Users/USER/Library/Application Support/Steam/*/libmacos_smoke_test.dylib
       0x120eec000 -        0x12105bfff ArchiveXL.dylib (*) <61ce6be4-d126-386b-8c5e-00ccb47ea843> /Users/USER/Library/Application Support/Steam/*/ArchiveXL.dylib
       0x11172c000 -        0x111737fff libobjc-trampolines.dylib (*) <f26af954-d1f7-31aa-9981-1bad216149d9> /usr/lib/libobjc-trampolines.dylib
       0x154ef8000 -        0x15664bfff steamclient.dylib (*) <8688a6ef-bbfc-3cf7-b5e2-56badb4a634b> /Users/USER/Library/Application Support/Steam/*/steamclient.dylib
       0x146ca0000 -        0x146cbbfff libtier0_s.dylib (*) <1a1f6a64-fd28-3218-909c-89647395b501> /Users/USER/Library/Application Support/Steam/*/libtier0_s.dylib
       0x146d60000 -        0x146d8ffff libvstdlib_s.dylib (*) <5ba235bf-ec59-3b75-a5a6-ff07b5460d74> /Users/USER/Library/Application Support/Steam/*/libvstdlib_s.dylib
       0x111800000 -        0x11180ffff libaudio.dylib (*) <ea16083c-391b-349a-8fe8-ad557cbfd559> /Users/USER/Library/Application Support/Steam/*/libaudio.dylib
       0x117fcc000 -        0x117fe3fff crashhandler.dylib (*) <4c4cde13-c541-3f7a-b1a4-86b5d970c09c> /Users/USER/Library/Application Support/Steam/*/crashhandler.dylib
       0x146cd8000 -        0x146cdffff com.googlecode.google-breakpad (*) <eb859872-955a-315d-9ce1-87fb57f7c4cd> /Users/USER/Library/Application Support/Steam/*/Breakpad.framework/Versions/A/Breakpad
       0x146c34000 -        0x146c43fff breakpadUtilities.dylib (*) <f81b68a1-e8e8-3f7c-8e42-be3c57699fc9> /Users/USER/Library/Application Support/Steam/*/Breakpad.framework/Versions/A/Resources/breakpadUtilities.dylib
       0x1476e4000 -        0x147827fff com.apple.audio.units.Components (1.14) <d45108c2-3250-3f9a-a1e3-a3c31f3c0d59> /System/Library/Components/CoreAudio.component/Contents/MacOS/CoreAudio
       0x59ac90000 -        0x59b413fff com.apple.audio.AudioDSPComponents (1.0) <60ab55ea-bc59-305a-abb7-9acce478851a> /System/Library/Components/AudioDSP.component/Contents/MacOS/AudioDSP
       0x1a02d4000 -        0x1a03104af libsystem_kernel.dylib (*) <feaf3627-e3c3-3ade-a910-3583f8d96c4b> /usr/lib/system/libsystem_kernel.dylib
       0x1a031e000 -        0x1a03264af libsystem_platform.dylib (*) <62c9cd37-272d-3d2d-9a1c-6f4ef24f7ec7> /usr/lib/system/libsystem_platform.dylib
       0x19ff45000 -        0x19ffe4717 dyld (*) <c0e2cc0c-71f1-3a63-9d9f-3afebbcb2b7c> /usr/lib/dyld
               0x0 - 0xffffffffffffffff ??? (*) <00000000-0000-0000-0000-000000000000> ???
       0x1a4656000 -        0x1a474053f com.apple.framework.IOKit (2.0.2) <c576139d-1161-3a4c-bf12-62c44f11cb97> /System/Library/Frameworks/IOKit.framework/Versions/A/IOKit
       0x1c4be7000 -        0x1c4c381ff com.apple.IOGPU (129.3.2) <bc63703e-6494-39d3-acbc-55ff90d2dc08> /System/Library/PrivateFrameworks/IOGPU.framework/Versions/A/IOGPU
       0x1ac67f000 -        0x1ac962b3f com.apple.Metal (371.5) <26fd60db-88cd-382e-b6f2-fb09079eec04> /System/Library/Frameworks/Metal.framework/Versions/A/Metal
       0x1a0159000 -        0x1a019fe5f libdispatch.dylib (*) <4c58ab31-f363-3e75-a8f8-302105812dbf> /usr/lib/system/libdispatch.dylib
       0x1a0311000 -        0x1a031dacb libsystem_pthread.dylib (*) <94ae8744-d3ab-3817-8bc8-ca92fd7b3714> /usr/lib/system/libsystem_pthread.dylib
       0x2484f7000 -        0x248568f1f com.apple.MetalFX (31.7.1) <9bbb1097-7f9f-3e90-acc9-c4f465622083> /System/Library/Frameworks/MetalFX.framework/Versions/A/MetalFX
       0x1a0357000 -        0x1a08a02bf com.apple.CoreFoundation (6.9) <583cc1fa-e47d-312d-b6ad-be436b64bb4e> /System/Library/Frameworks/CoreFoundation.framework/Versions/A/CoreFoundation
       0x1a47af000 -        0x1a5edabdf com.apple.AppKit (6.9) <3e1c4ad8-e9ab-34f0-b04a-4bada73d3533> /System/Library/Frameworks/AppKit.framework/Versions/C/AppKit
       0x1a0226000 -        0x1a02b8ea3 libc++.1.dylib (*) <d10545df-e701-3e2c-89b3-b304357ef08c> /usr/lib/libc++.1.dylib
       0x1a01a3000 -        0x1a0225047 libsystem_c.dylib (*) <eb569350-0696-3397-838e-0344948107c0> /usr/lib/system/libsystem_c.dylib
       0x1ac963000 -        0x1ac98bd7f com.apple.audio.caulk (1.0) <67d6bcc2-f024-388e-b546-b1c2fe6f0ddc> /System/Library/PrivateFrameworks/caulk.framework/Versions/A/caulk
       0x1a3427000 -        0x1a3bd839f com.apple.audio.CoreAudio (5.0) <57c69a6e-f5cb-3e83-b800-338265d5d82c> /System/Library/Frameworks/CoreAudio.framework/Versions/A/CoreAudio
       0x1bddc1000 -        0x1bddf32ff com.apple.ANEServices (9.300) <05d8cf4d-12cb-3f37-825c-abb7770e6ece> /System/Library/PrivateFrameworks/ANEServices.framework/Versions/A/ANEServices

External Modification Summary:
  Calls made by other processes targeting this process:
    task_for_pid: 0
    thread_create: 0
    thread_set_state: 0
  Calls made by this process:
    task_for_pid: 0
    thread_create: 0
    thread_set_state: 0
  Calls made by all processes on this machine:
    task_for_pid: 8
    thread_create: 0
    thread_set_state: 0

-----------
Full Report
-----------

{"app_name":"Cyberpunk2077","timestamp":"2026-02-01 18:53:38.00 -0800","app_version":"2.3.1","slice_uuid":"a6656adc-fbe2-36a4-9b9d-b4a9de645089","build_version":"5314028","platform":1,"bundleID":"com.cdprojektred.cyberpunk.steam","share_with_app_devs":0,"is_first_party":0,"bug_type":"309","os_version":"macOS 26.3 (25D5112c)","roots_installed":0,"name":"Cyberpunk2077","incident_id":"C892D4F6-5A0E-4D71-B3D1-EBC65C675482"}
{
  "uptime" : 85000,
  "procRole" : "Foreground",
  "version" : 2,
  "userID" : 501,
  "deployVersion" : 210,
  "modelCode" : "Mac16,5",
  "coalitionID" : 1193,
  "osVersion" : {
    "train" : "macOS 26.3",
    "build" : "25D5112c",
    "releaseType" : "User"
  },
  "captureTime" : "2026-02-01 18:53:37.8646 -0800",
  "codeSigningMonitor" : 2,
  "incident" : "C892D4F6-5A0E-4D71-B3D1-EBC65C675482",
  "pid" : 59936,
  "translated" : false,
  "cpuType" : "ARM-64",
  "procLaunch" : "2026-02-01 18:53:06.4569 -0800",
  "procStartAbsTime" : 2047495269717,
  "procExitAbsTime" : 2048133848071,
  "procName" : "Cyberpunk2077",
  "procPath" : "\/Users\/USER\/Library\/Application Support\/Steam\/*\/Cyberpunk2077.app\/Contents\/MacOS\/Cyberpunk2077",
  "bundleInfo" : {"CFBundleShortVersionString":"2.3.1","CFBundleVersion":"5314028","CFBundleIdentifier":"com.cdprojektred.cyberpunk.steam"},
  "storeInfo" : {"deviceIdentifierForVendor":"F118D32C-3F3E-5BBB-9277-AAE0967B967E","thirdParty":true},
  "parentProc" : "Exited process",
  "parentPid" : 59934,
  "coalitionName" : "com.todesktop.230313mzl4w4u92",
  "crashReporterKey" : "0CCA579A-01B6-06F1-D447-87166E5A294F",
  "appleIntelligenceStatus" : {"state":"available"},
  "developerMode" : 1,
  "responsiblePid" : 3309,
  "responsibleProc" : "Cursor",
  "codeSigningID" : "com.cdprojektred.cyberpunk.steam",
  "codeSigningTeamID" : "",
  "codeSigningFlags" : 570425857,
  "codeSigningValidationCategory" : 10,
  "codeSigningTrustLevel" : 4294967295,
  "codeSigningAuxiliaryInfo" : 0,
  "instructionByteStream" : {"beforePC":"\/UMCkfMDAqr0AwGq9QMAqihIQLkLFEG5CwIANKmGQPkqCQuLa\/V+0w==","atPC":"LAFAuZ8BCGugAQBUKREAkWsRAPFh\/\/9U\/XtJqfRPSKn2V0ep+F9GqQ=="},
  "bootSessionUUID" : "0A3A2781-043C-4143-9AA1-513BF236605D",
  "wakeTime" : 33804,
  "sleepWakeUUID" : "4DD441C0-6CF1-4E9C-9CE7-6025992C611B",
  "sip" : "enabled",
  "vmRegionInfo" : "0x43ffa9414ff4 is not in any region.  \n      REGION TYPE                    START - END         [ VSIZE] PRT\/MAX SHRMOD  REGION DETAIL\n      UNUSED SPACE AT START\n--->  \n      UNUSED SPACE AT END",
  "exception" : {"codes":"0x0000000000000001, 0x9100c3ffa9414ff4","rawCodes":[1,-7998177435386294284],"type":"EXC_BAD_ACCESS","signal":"SIGSEGV","subtype":"KERN_INVALID_ADDRESS at 0x9100c3ffa9414ff4"},
  "termination" : {"flags":0,"code":11,"namespace":"SIGNAL","indicator":"Segmentation fault: 11","byProc":"exc handler","byPid":59936},
  "vmregioninfo" : "0x43ffa9414ff4 is not in any region.  \n      REGION TYPE                    START - END         [ VSIZE] PRT\/MAX SHRMOD  REGION DETAIL\n      UNUSED SPACE AT START\n--->  \n      UNUSED SPACE AT END",
  "extMods" : {"caller":{"thread_create":0,"thread_set_state":0,"task_for_pid":0},"system":{"thread_create":0,"thread_set_state":0,"task_for_pid":8},"targeted":{"thread_create":0,"thread_set_state":0,"task_for_pid":0},"warnings":0},
  "faultingThread" : 17,
  "threads" : [{"threadState":{"x":[{"value":18446744073709551612},{"value":0},{"value":1},{"value":0},{"value":0},{"value":18446744069415588608},{"value":4314487923365056},{"value":18446744069415588864},{"value":1},{"value":1},{"value":1},{"value":47244640258},{"value":51539607553},{"value":1},{"value":2},{"value":481631269984},{"value":544},{"value":8819445448},{"value":0},{"value":498218246272},{"value":481504033328},{"value":49675567388},{"value":481504033356},{"value":481504033364},{"value":1},{"value":0},{"value":0},{"value":4493521000},{"value":0}],"flavor":"ARM_THREAD_STATE64","lr":{"value":6982616748},"cpsr":{"value":2147483648},"fp":{"value":6124356992},"sp":{"value":6124356976},"esr":{"value":1442840704,"description":"(Syscall)"},"pc":{"value":6982347892},"far":{"value":0}},"id":4305403,"name":"GameThread","queue":"com.apple.main-thread","frames":[{"imageOffset":60532,"symbol":"__ulock_wait2","symbolLocation":8,"imageIndex":26},{"imageOffset":26284,"symbol":"os_sync_wait_on_address","symbolLocation":104,"imageIndex":27},{"imageOffset":10324200,"imageIndex":0},{"imageOffset":10324440,"imageIndex":0},{"imageOffset":66550236,"imageIndex":0},{"imageOffset":66146912,"imageIndex":0},{"imageOffset":66145604,"imageIndex":0},{"imageOffset":66201688,"imageIndex":0},{"imageOffset":64592844,"imageIndex":0},{"imageOffset":64591368,"imageIndex":0},{"imageOffset":64542788,"imageIndex":0},{"imageOffset":64532840,"imageIndex":0},{"imageOffset":204632,"imageIndex":0},{"imageOffset":204408,"imageIndex":0},{"imageOffset":36180,"symbol":"start","symbolLocation":7184,"imageIndex":28}]},{"id":4305405,"frames":[],"threadState":{"x":[{"value":6124924928},{"value":5891},{"value":6124388352},{"value":6124923776},{"value":1982472},{"value":1},{"value":0},{"value":0},{"value":0},{"value":0},{"value":0},{"value":0},{"value":0},{"value":0},{"value":0},{"value":0},{"value":0},{"value":0},{"value":0},{"value":0},{"value":0},{"value":0},{"value":0},{"value":0},{"value":0},{"value":0},{"value":0},{"value":0},{"value":0}],"flavor":"ARM_THREAD_STATE64","lr":{"value":0},"cpsr":{"value":0},"fp":{"value":0},"sp":{"value":6124923776},"esr":{"value":1442840704,"description":"(Syscall)"},"pc":{"value":6982544276},"far":{"value":0}}},{"id":4305407,"threadState":{"x":[{"value":0},{"value":8589934595},{"value":7095285978387},{"value":124274878725123},{"value":12305081303040},{"value":124274878709760},{"value":4284},{"value":0},{"value":5395},{"value":7053991936,"symbolLocation":15144,"symbol":"IOAVGetVideoTimingTable::sCEATimingData"},{"value":6125492976},{"value":6125493184},{"value":80},{"value":49667034352},{"value":288230381032309297,"symbolLocation":288230376151711745,"symbol":"OBJC_CLASS_$_AGXG16XFamilyCommandBuffer"},{"value":4880597552,"symbolLocation":0,"symbol":"OBJC_CLASS_$_AGXG16XFamilyCommandBuffer"},{"value":18446744073709551569},{"value":8819447096},{"value":0},{"value":0},{"value":4284},{"value":124274878709760},{"value":12305081303040},{"value":124274878725123},{"value":6125488480},{"value":7095285978387},{"value":8589934595},{"value":18446744073709550527},{"value":6125490048}],"flavor":"ARM_THREAD_STATE64","lr":{"value":6982365224},"cpsr":{"value":2147483648},"fp":{"value":6125488448},"sp":{"value":6125488368},"esr":{"value":1442840704,"description":"(Syscall)"},"pc":{"value":6982290484},"far":{"value":0}},"queue":"com.Metal.CommandQueueDispatch","frames":[{"imageOffset":3124,"symbol":"mach_msg2_trap","symbolLocation":8,"imageIndex":26},{"imageOffset":77864,"symbol":"mach_msg2_internal","symbolLocation":76,"imageIndex":26},{"imageOffset":12276,"symbol":"io_connect_method","symbolLocation":520,"imageIndex":30},{"imageOffset":11652,"symbol":"IOConnectCallMethod","symbolLocation":176,"imageIndex":30},{"imageOffset":119132,"symbol":"IOGPUCommandQueueSubmitCommandBuffers","symbolLocation":268,"imageIndex":31},{"imageOffset":23464,"symbol":"-[IOGPUMetalCommandQueue _submitCommandBuffers:count:]","symbolLocation":364,"imageIndex":31},{"imageOffset":23056,"symbol":"-[IOGPUMetalCommandQueue submitCommandBuffers:count:]","symbolLocation":72,"imageIndex":31},{"imageOffset":89416,"symbol":"-[_MTLCommandQueue _submitAvailableCommandBuffers]","symbolLocation":512,"imageIndex":32},{"imageOffset":113364,"symbol":"_dispatch_client_callout","symbolLocation":16,"imageIndex":33},{"imageOffset":26340,"symbol":"_dispatch_continuation_pop","symbolLocation":596,"imageIndex":33},{"imageOffset":104464,"symbol":"_dispatch_source_latch_and_call","symbolLocation":396,"imageIndex":33},{"imageOffset":99556,"symbol":"_dispatch_source_invoke","symbolLocation":844,"imageIndex":33},{"imageOffset":41808,"symbol":"_dispatch_lane_serial_drain","symbolLocation":332,"imageIndex":33},{"imageOffset":44996,"symbol":"_dispatch_lane_invoke","symbolLocation":388,"imageIndex":33},{"imageOffset":87156,"symbol":"_dispatch_root_queue_drain_deferred_wlh","symbolLocation":292,"imageIndex":33},{"imageOffset":85356,"symbol":"_dispatch_workloop_worker_thread","symbolLocation":692,"imageIndex":33},{"imageOffset":11852,"symbol":"_pthread_wqthread","symbolLocation":292,"imageIndex":34},{"imageOffset":7068,"symbol":"start_wqthread","symbolLocation":8,"imageIndex":34}]},{"id":4305481,"threadState":{"x":[{"value":0},{"value":0},{"value":2},{"value":64},{"value":6126067888},{"value":6126068020},{"value":0},{"value":0},{"value":49679450128},{"value":18446744073709551615},{"value":4534295104},{"value":8796781032,"symbolLocation":0,"symbol":"__CFRuntimeClassTables"},{"value":80},{"value":49667034352},{"value":360287975070237233,"symbolLocation":360287970189639681,"symbol":"OBJC_CLASS_$_AGXG16XFamilyCommandBuffer"},{"value":4880597552,"symbolLocation":0,"symbol":"OBJC_CLASS_$_AGXG16XFamilyCommandBuffer"},{"value":18446744073709551516},{"value":8818834096},{"value":0},{"value":49713225792},{"value":6126068020},{"value":6126067888},{"value":2},{"value":64},{"value":3758097090},{"value":1},{"value":0},{"value":112},{"value":32}],"flavor":"ARM_THREAD_STATE64","lr":{"value":7595901188},"cpsr":{"value":1610612736},"fp":{"value":6126067872},"sp":{"value":6126067728},"esr":{"value":1442840704,"description":"(Syscall)"},"pc":{"value":7053201368},"far":{"value":0}},"queue":"com.Metal.CommandQueueDispatch","frames":[{"imageOffset":126936,"symbol":"iokit_user_client_trap","symbolLocation":8,"imageIndex":30},{"imageOffset":119044,"symbol":"IOGPUCommandQueueSubmitCommandBuffers","symbolLocation":180,"imageIndex":31},{"imageOffset":23464,"symbol":"-[IOGPUMetalCommandQueue _submitCommandBuffers:count:]","symbolLocation":364,"imageIndex":31},{"imageOffset":23056,"symbol":"-[IOGPUMetalCommandQueue submitCommandBuffers:count:]","symbolLocation":72,"imageIndex":31},{"imageOffset":89416,"symbol":"-[_MTLCommandQueue _submitAvailableCommandBuffers]","symbolLocation":512,"imageIndex":32},{"imageOffset":1900192,"symbol":"__40-[_MTLCommandQueue submitCommandBuffer:]_block_invoke","symbolLocation":28,"imageIndex":32},{"imageOffset":113364,"symbol":"_dispatch_client_callout","symbolLocation":16,"imageIndex":33},{"imageOffset":72000,"symbol":"_dispatch_lane_barrier_sync_invoke_and_complete","symbolLocation":56,"imageIndex":33},{"imageOffset":1900124,"symbol":"-[_MTLCommandQueue submitCommandBuffer:]","symbolLocation":140,"imageIndex":32},{"imageOffset":267160,"symbol":"__53-[_MFXTemporalScalingEffectV4 encodeToCommandBuffer:]_block_invoke_2","symbolLocation":692,"imageIndex":35},{"imageOffset":7004,"symbol":"_dispatch_call_block_and_release","symbolLocation":32,"imageIndex":33},{"imageOffset":113364,"symbol":"_dispatch_client_callout","symbolLocation":16,"imageIndex":33},{"imageOffset":42216,"symbol":"_dispatch_lane_serial_drain","symbolLocation":740,"imageIndex":33},{"imageOffset":45048,"symbol":"_dispatch_lane_invoke","symbolLocation":440,"imageIndex":33},{"imageOffset":87156,"symbol":"_dispatch_root_queue_drain_deferred_wlh","symbolLocation":292,"imageIndex":33},{"imageOffset":85356,"symbol":"_dispatch_workloop_worker_thread","symbolLocation":692,"imageIndex":33},{"imageOffset":11852,"symbol":"_pthread_wqthread","symbolLocation":292,"imageIndex":34},{"imageOffset":7068,"symbol":"start_wqthread","symbolLocation":8,"imageIndex":34}]},{"id":4305488,"name":"com.apple.NSEventThread","threadState":{"x":[{"value":268451845},{"value":21592279046},{"value":8589934592},{"value":107765024423936},{"value":0},{"value":107765024423936},{"value":2},{"value":4294967295},{"value":0},{"value":17179869184},{"value":0},{"value":2},{"value":0},{"value":0},{"value":25091},{"value":0},{"value":18446744073709551569},{"value":8819447088},{"value":0},{"value":4294967295},{"value":2},{"value":107765024423936},{"value":0},{"value":107765024423936},{"value":6126641288},{"value":8589934592},{"value":21592279046},{"value":18446744073709550527},{"value":4412409862}],"flavor":"ARM_THREAD_STATE64","lr":{"value":6982365224},"cpsr":{"value":0},"fp":{"value":6126641136},"sp":{"value":6126641056},"esr":{"value":1442840704,"description":"(Syscall)"},"pc":{"value":6982290484},"far":{"value":0}},"frames":[{"imageOffset":3124,"symbol":"mach_msg2_trap","symbolLocation":8,"imageIndex":26},{"imageOffset":77864,"symbol":"mach_msg2_internal","symbolLocation":76,"imageIndex":26},{"imageOffset":39308,"symbol":"mach_msg_overwrite","symbolLocation":484,"imageIndex":26},{"imageOffset":4020,"symbol":"mach_msg","symbolLocation":24,"imageIndex":26},{"imageOffset":392112,"symbol":"__CFRunLoopServiceMachPort","symbolLocation":160,"imageIndex":36},{"imageOffset":386312,"symbol":"__CFRunLoopRun","symbolLocation":1188,"imageIndex":36},{"imageOffset":1150780,"symbol":"_CFRunLoopRunSpecificWithOptions","symbolLocation":532,"imageIndex":36},{"imageOffset":719412,"symbol":"_NSEventThread","symbolLocation":184,"imageIndex":37},{"imageOffset":27656,"symbol":"_pthread_start","symbolLocation":136,"imageIndex":34},{"imageOffset":7080,"symbol":"thread_start","symbolLocation":8,"imageIndex":34}]},{"id":4305522,"name":"redIOWorker0","threadState":{"x":[{"value":260},{"value":0},{"value":608512},{"value":0},{"value":0},{"value":65705},{"value":0},{"value":0},{"value":6128790936},{"value":0},{"value":206848},{"value":888405395449858},{"value":888405395449858},{"value":206848},{"value":0},{"value":888405395449856},{"value":305},{"value":8819445208},{"value":0},{"value":481665024352},{"value":481665024416},{"value":6128791776},{"value":0},{"value":0},{"value":608512},{"value":608513},{"value":608768},{"value":481665024352},{"value":566939936856}],"flavor":"ARM_THREAD_STATE64","lr":{"value":6982566108},"cpsr":{"value":1610612736},"fp":{"value":6128791056},"sp":{"value":6128790912},"esr":{"value":1442840704,"description":"(Syscall)"},"pc":{"value":6982305016},"far":{"value":0}},"frames":[{"imageOffset":17656,"symbol":"__psynch_cvwait","symbolLocation":8,"imageIndex":26},{"imageOffset":28892,"symbol":"_pthread_cond_wait","symbolLocation":984,"imageIndex":34},{"imageOffset":68726032,"imageIndex":0},{"imageOffset":16904,"imageIndex":0},{"imageOffset":27656,"symbol":"_pthread_start","symbolLocation":136,"imageIndex":34},{"imageOffset":7080,"symbol":"thread_start","symbolLocation":8,"imageIndex":34}]},{"id":4305523,"name":"redDispatcher1","threadState":{"x":[{"value":14},{"value":18446744073709551615},{"value":6129889087},{"value":45579},{"value":8796663984,"symbolLocation":40,"symbol":"_OS_dispatch_source_vtable"},{"value":0},{"value":0},{"value":1027},{"value":47363},{"value":18446744073709551615},{"value":38654705664},{"value":0},{"value":11},{"value":49667033216},{"value":144115192956453425,"symbolLocation":144115188075855873,"symbol":"OBJC_CLASS_$_AGXG16XFamilyCommandBuffer"},{"value":4880597552,"symbolLocation":0,"symbol":"OBJC_CLASS_$_AGXG16XFamilyCommandBuffer"},{"value":18446744073709551580},{"value":8819449592},{"value":0},{"value":49679719200},{"value":49679719136},{"value":18446744073709551615},{"value":49656500280},{"value":2},{"value":48},{"value":0},{"value":0},{"value":0},{"value":0}],"flavor":"ARM_THREAD_STATE64","lr":{"value":6980749712},"cpsr":{"value":1610612736},"fp":{"value":6129888848},"sp":{"value":6129888832},"esr":{"value":1442840704,"description":"(Syscall)"},"pc":{"value":6982290352},"far":{"value":0}},"frames":[{"imageOffset":2992,"symbol":"semaphore_wait_trap","symbolLocation":8,"imageIndex":26},{"imageOffset":14736,"symbol":"_dispatch_sema4_wait","symbolLocation":28,"imageIndex":33},{"imageOffset":16192,"symbol":"_dispatch_semaphore_wait_slow","symbolLocation":132,"imageIndex":33},{"imageOffset":10337028,"imageIndex":0},{"imageOffset":10335172,"imageIndex":0},{"imageOffset":10337948,"imageIndex":0},{"imageOffset":16904,"imageIndex":0},{"imageOffset":27656,"symbol":"_pthread_start","symbolLocation":136,"imageIndex":34},{"imageOffset":7080,"symbol":"thread_start","symbolLocation":8,"imageIndex":34}]},{"id":4305524,"name":"redDispatcher2","threadState":{"x":[{"value":14},{"value":18446744073709551615},{"value":6130986815},{"value":4360183304},{"value":0},{"value":0},{"value":24},{"value":18},{"value":47363},{"value":18446744073709551615},{"value":42949672960},{"value":4454984560,"symbolLocation":8628,"symbol":"kHashSizes"},{"value":4358192956},{"value":35},{"value":4358192716},{"value":14},{"value":18446744073709551580},{"value":8819449592},{"value":0},{"value":49679719200},{"value":49679719136},{"value":18446744073709551615},{"value":49656971320},{"value":2},{"value":48},{"value":0},{"value":0},{"value":0},{"value":0}],"flavor":"ARM_THREAD_STATE64","lr":{"value":6980749712},"cpsr":{"value":1610612736},"fp":{"value":6130986576},"sp":{"value":6130986560},"esr":{"value":1442840704,"description":"(Syscall)"},"pc":{"value":6982290352},"far":{"value":0}},"frames":[{"imageOffset":2992,"symbol":"semaphore_wait_trap","symbolLocation":8,"imageIndex":26},{"imageOffset":14736,"symbol":"_dispatch_sema4_wait","symbolLocation":28,"imageIndex":33},{"imageOffset":16192,"symbol":"_dispatch_semaphore_wait_slow","symbolLocation":132,"imageIndex":33},{"imageOffset":10337028,"imageIndex":0},{"imageOffset":10335172,"imageIndex":0},{"imageOffset":10337948,"imageIndex":0},{"imageOffset":16904,"imageIndex":0},{"imageOffset":27656,"symbol":"_pthread_start","symbolLocation":136,"imageIndex":34},{"imageOffset":7080,"symbol":"thread_start","symbolLocation":8,"imageIndex":34}]},{"id":4305525,"name":"redDispatcher3","threadState":{"x":[{"value":14},{"value":18446744073709551615},{"value":6132084543},{"value":1},{"value":4465251072},{"value":481664631352},{"value":0},{"value":0},{"value":47363},{"value":18446744073709551615},{"value":0},{"value":600874},{"value":600873},{"value":20},{"value":4358192660},{"value":0},{"value":18446744073709551580},{"value":8819449592},{"value":0},{"value":49679719200},{"value":49679719136},{"value":18446744073709551615},{"value":49642483768},{"value":2},{"value":48},{"value":0},{"value":0},{"value":0},{"value":0}],"flavor":"ARM_THREAD_STATE64","lr":{"value":6980749712},"cpsr":{"value":1610612736},"fp":{"value":6132084304},"sp":{"value":6132084288},"esr":{"value":1442840704,"description":"(Syscall)"},"pc":{"value":6982290352},"far":{"value":0}},"frames":[{"imageOffset":2992,"symbol":"semaphore_wait_trap","symbolLocation":8,"imageIndex":26},{"imageOffset":14736,"symbol":"_dispatch_sema4_wait","symbolLocation":28,"imageIndex":33},{"imageOffset":16192,"symbol":"_dispatch_semaphore_wait_slow","symbolLocation":132,"imageIndex":33},{"imageOffset":10337028,"imageIndex":0},{"imageOffset":10335172,"imageIndex":0},{"imageOffset":10337948,"imageIndex":0},{"imageOffset":16904,"imageIndex":0},{"imageOffset":27656,"symbol":"_pthread_start","symbolLocation":136,"imageIndex":34},{"imageOffset":7080,"symbol":"thread_start","symbolLocation":8,"imageIndex":34}]},{"id":4305526,"name":"redDispatcher4","threadState":{"x":[{"value":4864906432},{"value":24},{"value":18446744073709551568},{"value":4864920272},{"value":4864919680},{"value":1},{"value":18247985356760416327},{"value":0},{"value":128},{"value":28},{"value":56},{"value":192},{"value":4294967295},{"value":3967163240},{"value":27},{"value":567116942168},{"value":6982602928,"symbolLocation":0,"symbol":"_platform_memset"},{"value":6133181584},{"value":0},{"value":567121213512},{"value":192},{"value":174},{"value":4864919568},{"value":4864906432},{"value":4864914808},{"value":4864914848},{"value":110},{"value":4864906392},{"value":2956132974}],"flavor":"ARM_THREAD_STATE64","lr":{"value":4358205292},"cpsr":{"value":0},"fp":{"value":6133164864},"sp":{"value":6133164736},"esr":{"value":1442840704,"description":"(Syscall)"},"pc":{"value":4358205076},"far":{"value":0}},"frames":[{"imageOffset":15691412,"imageIndex":0},{"imageOffset":15709884,"imageIndex":0},{"imageOffset":15684356,"imageIndex":0},{"imageOffset":15688012,"imageIndex":0},{"imageOffset":17909428,"imageIndex":0},{"imageOffset":10322356,"imageIndex":0},{"imageOffset":10338072,"imageIndex":0},{"imageOffset":16904,"imageIndex":0},{"imageOffset":27656,"symbol":"_pthread_start","symbolLocation":136,"imageIndex":34},{"imageOffset":7080,"symbol":"thread_start","symbolLocation":8,"imageIndex":34}]},{"id":4305527,"name":"redDispatcher5","threadState":{"x":[{"value":14},{"value":18446744073709551615},{"value":6134279999},{"value":6325252064},{"value":560893984720},{"value":32},{"value":13649184378721099112},{"value":18},{"value":47363},{"value":18446744073709551615},{"value":4294967296},{"value":63},{"value":31},{"value":49643643360},{"value":360287975070239437,"symbolLocation":360287970189639685,"symbol":"OBJC_CLASS_$_AGXG16XFamilyBuffer"},{"value":4880599752,"symbolLocation":0,"symbol":"OBJC_CLASS_$_AGXG16XFamilyBuffer"},{"value":18446744073709551580},{"value":8819449592},{"value":0},{"value":49679719200},{"value":49679719136},{"value":18446744073709551615},{"value":49666601016},{"value":2},{"value":48},{"value":0},{"value":0},{"value":0},{"value":0}],"flavor":"ARM_THREAD_STATE64","lr":{"value":6980749712},"cpsr":{"value":1610612736},"fp":{"value":6134279760},"sp":{"value":6134279744},"esr":{"value":1442840704,"description":"(Syscall)"},"pc":{"value":6982290352},"far":{"value":0}},"frames":[{"imageOffset":2992,"symbol":"semaphore_wait_trap","symbolLocation":8,"imageIndex":26},{"imageOffset":14736,"symbol":"_dispatch_sema4_wait","symbolLocation":28,"imageIndex":33},{"imageOffset":16192,"symbol":"_dispatch_semaphore_wait_slow","symbolLocation":132,"imageIndex":33},{"imageOffset":10337028,"imageIndex":0},{"imageOffset":10335172,"imageIndex":0},{"imageOffset":10337948,"imageIndex":0},{"imageOffset":16904,"imageIndex":0},{"imageOffset":27656,"symbol":"_pthread_start","symbolLocation":136,"imageIndex":34},{"imageOffset":7080,"symbol":"thread_start","symbolLocation":8,"imageIndex":34}]},{"id":4305528,"name":"redDispatcher6","threadState":{"x":[{"value":14},{"value":18446744073709551615},{"value":6135377727},{"value":481429140960},{"value":481410366784},{"value":481664631880},{"value":4059401225661632},{"value":18446744069415529472},{"value":47363},{"value":18446744073709551615},{"value":51539607552},{"value":0},{"value":4294967288},{"value":1},{"value":21},{"value":8124295714495936},{"value":18446744073709551580},{"value":8819449592},{"value":0},{"value":49679719200},{"value":49679719136},{"value":18446744073709551615},{"value":49657647160},{"value":2},{"value":48},{"value":0},{"value":0},{"value":0},{"value":0}],"flavor":"ARM_THREAD_STATE64","lr":{"value":6980749712},"cpsr":{"value":1610612736},"fp":{"value":6135377488},"sp":{"value":6135377472},"esr":{"value":1442840704,"description":"(Syscall)"},"pc":{"value":6982290352},"far":{"value":0}},"frames":[{"imageOffset":2992,"symbol":"semaphore_wait_trap","symbolLocation":8,"imageIndex":26},{"imageOffset":14736,"symbol":"_dispatch_sema4_wait","symbolLocation":28,"imageIndex":33},{"imageOffset":16192,"symbol":"_dispatch_semaphore_wait_slow","symbolLocation":132,"imageIndex":33},{"imageOffset":10337028,"imageIndex":0},{"imageOffset":10335172,"imageIndex":0},{"imageOffset":10337948,"imageIndex":0},{"imageOffset":16904,"imageIndex":0},{"imageOffset":27656,"symbol":"_pthread_start","symbolLocation":136,"imageIndex":34},{"imageOffset":7080,"symbol":"thread_start","symbolLocation":8,"imageIndex":34}]},{"id":4305529,"name":"redDispatcher7","threadState":{"x":[{"value":14},{"value":18446744073709551615},{"value":6136475455},{"value":1},{"value":4465251072},{"value":481664632056},{"value":0},{"value":1027},{"value":47363},{"value":18446744073709551615},{"value":8589934592},{"value":600828},{"value":600827},{"value":1},{"value":1},{"value":2},{"value":18446744073709551580},{"value":8819449592},{"value":0},{"value":49679719200},{"value":49679719136},{"value":18446744073709551615},{"value":49656975416},{"value":2},{"value":48},{"value":0},{"value":0},{"value":0},{"value":0}],"flavor":"ARM_THREAD_STATE64","lr":{"value":6980749712},"cpsr":{"value":1610612736},"fp":{"value":6136475216},"sp":{"value":6136475200},"esr":{"value":1442840704,"description":"(Syscall)"},"pc":{"value":6982290352},"far":{"value":0}},"frames":[{"imageOffset":2992,"symbol":"semaphore_wait_trap","symbolLocation":8,"imageIndex":26},{"imageOffset":14736,"symbol":"_dispatch_sema4_wait","symbolLocation":28,"imageIndex":33},{"imageOffset":16192,"symbol":"_dispatch_semaphore_wait_slow","symbolLocation":132,"imageIndex":33},{"imageOffset":10337028,"imageIndex":0},{"imageOffset":10335172,"imageIndex":0},{"imageOffset":10337948,"imageIndex":0},{"imageOffset":16904,"imageIndex":0},{"imageOffset":27656,"symbol":"_pthread_start","symbolLocation":136,"imageIndex":34},{"imageOffset":7080,"symbol":"thread_start","symbolLocation":8,"imageIndex":34}]},{"id":4305530,"name":"redDispatcher8","threadState":{"x":[{"value":14},{"value":18446744073709551615},{"value":6137573183},{"value":1},{"value":49679423360},{"value":0},{"value":25280},{"value":0},{"value":47363},{"value":18446744073709551615},{"value":30064771072},{"value":0},{"value":3085412747769307504},{"value":3085395153435777920},{"value":24576},{"value":68},{"value":18446744073709551580},{"value":8819449592},{"value":0},{"value":49679719200},{"value":49679719136},{"value":18446744073709551615},{"value":49656496184},{"value":2},{"value":48},{"value":0},{"value":0},{"value":0},{"value":0}],"flavor":"ARM_THREAD_STATE64","lr":{"value":6980749712},"cpsr":{"value":1610612736},"fp":{"value":6137572944},"sp":{"value":6137572928},"esr":{"value":1442840704,"description":"(Syscall)"},"pc":{"value":6982290352},"far":{"value":0}},"frames":[{"imageOffset":2992,"symbol":"semaphore_wait_trap","symbolLocation":8,"imageIndex":26},{"imageOffset":14736,"symbol":"_dispatch_sema4_wait","symbolLocation":28,"imageIndex":33},{"imageOffset":16192,"symbol":"_dispatch_semaphore_wait_slow","symbolLocation":132,"imageIndex":33},{"imageOffset":10337028,"imageIndex":0},{"imageOffset":10335172,"imageIndex":0},{"imageOffset":10337948,"imageIndex":0},{"imageOffset":16904,"imageIndex":0},{"imageOffset":27656,"symbol":"_pthread_start","symbolLocation":136,"imageIndex":34},{"imageOffset":7080,"symbol":"thread_start","symbolLocation":8,"imageIndex":34}]},{"id":4305531,"name":"redDispatcher9","threadState":{"x":[{"value":14},{"value":18446744073709551615},{"value":6138670911},{"value":1},{"value":4465251072},{"value":481664632408},{"value":17179869194},{"value":0},{"value":47363},{"value":18446744073709551615},{"value":21474836480},{"value":600846},{"value":600845},{"value":137242},{"value":1},{"value":0},{"value":18446744073709551580},{"value":8819449592},{"value":0},{"value":49679719200},{"value":49679719136},{"value":18446744073709551615},{"value":49666596920},{"value":2},{"value":48},{"value":0},{"value":0},{"value":0},{"value":0}],"flavor":"ARM_THREAD_STATE64","lr":{"value":6980749712},"cpsr":{"value":1610612736},"fp":{"value":6138670672},"sp":{"value":6138670656},"esr":{"value":1442840704,"description":"(Syscall)"},"pc":{"value":6982290352},"far":{"value":0}},"frames":[{"imageOffset":2992,"symbol":"semaphore_wait_trap","symbolLocation":8,"imageIndex":26},{"imageOffset":14736,"symbol":"_dispatch_sema4_wait","symbolLocation":28,"imageIndex":33},{"imageOffset":16192,"symbol":"_dispatch_semaphore_wait_slow","symbolLocation":132,"imageIndex":33},{"imageOffset":10337028,"imageIndex":0},{"imageOffset":10335172,"imageIndex":0},{"imageOffset":10337948,"imageIndex":0},{"imageOffset":16904,"imageIndex":0},{"imageOffset":27656,"symbol":"_pthread_start","symbolLocation":136,"imageIndex":34},{"imageOffset":7080,"symbol":"thread_start","symbolLocation":8,"imageIndex":34}]},{"id":4305532,"name":"redDispatcher10","threadState":{"x":[{"value":14},{"value":18446744073709551615},{"value":6139768639},{"value":481421417592},{"value":481504029928},{"value":1004032},{"value":4313388411737024},{"value":1004288},{"value":47363},{"value":18446744073709551615},{"value":17179869184},{"value":51539607553},{"value":55834574848},{"value":1},{"value":1},{"value":0},{"value":18446744073709551580},{"value":8819449592},{"value":0},{"value":49679719200},{"value":49679719136},{"value":18446744073709551615},{"value":49667780664},{"value":2},{"value":48},{"value":0},{"value":0},{"value":0},{"value":0}],"flavor":"ARM_THREAD_STATE64","lr":{"value":6980749712},"cpsr":{"value":1610612736},"fp":{"value":6139768400},"sp":{"value":6139768384},"esr":{"value":1442840704,"description":"(Syscall)"},"pc":{"value":6982290352},"far":{"value":0}},"frames":[{"imageOffset":2992,"symbol":"semaphore_wait_trap","symbolLocation":8,"imageIndex":26},{"imageOffset":14736,"symbol":"_dispatch_sema4_wait","symbolLocation":28,"imageIndex":33},{"imageOffset":16192,"symbol":"_dispatch_semaphore_wait_slow","symbolLocation":132,"imageIndex":33},{"imageOffset":10337028,"imageIndex":0},{"imageOffset":10335172,"imageIndex":0},{"imageOffset":10337948,"imageIndex":0},{"imageOffset":16904,"imageIndex":0},{"imageOffset":27656,"symbol":"_pthread_start","symbolLocation":136,"imageIndex":34},{"imageOffset":7080,"symbol":"thread_start","symbolLocation":8,"imageIndex":34}]},{"id":4305533,"name":"redDispatcher11","threadState":{"x":[{"value":14},{"value":18446744073709551615},{"value":6140866367},{"value":1},{"value":481664632760},{"value":0},{"value":6140866016},{"value":0},{"value":47363},{"value":18446744073709551615},{"value":12884901888},{"value":47244640258},{"value":51539607553},{"value":1},{"value":2},{"value":68},{"value":18446744073709551580},{"value":8819449592},{"value":0},{"value":49679719200},{"value":49679719136},{"value":18446744073709551615},{"value":49666592824},{"value":2},{"value":48},{"value":0},{"value":0},{"value":0},{"value":0}],"flavor":"ARM_THREAD_STATE64","lr":{"value":6980749712},"cpsr":{"value":1610612736},"fp":{"value":6140866128},"sp":{"value":6140866112},"esr":{"value":1442840704,"description":"(Syscall)"},"pc":{"value":6982290352},"far":{"value":0}},"frames":[{"imageOffset":2992,"symbol":"semaphore_wait_trap","symbolLocation":8,"imageIndex":26},{"imageOffset":14736,"symbol":"_dispatch_sema4_wait","symbolLocation":28,"imageIndex":33},{"imageOffset":16192,"symbol":"_dispatch_semaphore_wait_slow","symbolLocation":132,"imageIndex":33},{"imageOffset":10337028,"imageIndex":0},{"imageOffset":10335172,"imageIndex":0},{"imageOffset":10337948,"imageIndex":0},{"imageOffset":16904,"imageIndex":0},{"imageOffset":27656,"symbol":"_pthread_start","symbolLocation":136,"imageIndex":34},{"imageOffset":7080,"symbol":"thread_start","symbolLocation":8,"imageIndex":34}]},{"triggered":true,"id":4305534,"name":"redDispatcher12","threadState":{"x":[{"value":4407163608},{"value":498633843752},{"value":498633843856},{"value":1},{"value":49643746048},{"value":0},{"value":18446744072631617535},{"value":18446726482597246976},{"value":11},{"value":10448566638323257332},{"value":10448566652349276144},{"value":14026018812},{"value":2016442606665429800},{"value":2016424995152030400},{"value":94208},{"value":47},{"value":10749247935246987904},{"value":67586857664},{"value":0},{"value":498633843856},{"value":498633843752},{"value":4407163608},{"value":1},{"value":6982019099,"symbolLocation":0,"symbol":"std::nothrow"},{"value":49643745920},{"value":6141963416},{"value":6141963480},{"value":6141963344},{"value":4459478600,"symbolLocation":1020144,"symbol":"game::GetPhotoModeDlcTweakId(red::StringView, red::StringView)::c_prefix"}],"flavor":"ARM_THREAD_STATE64","lr":{"value":4373263904},"cpsr":{"value":0},"fp":{"value":6141963152},"sp":{"value":6141963008},"esr":{"value":2449473540,"description":"(Data Abort) byte read Translation fault"},"pc":{"value":4373253412,"matchesCrashFrame":1},"far":{"value":10448566638323257332}},"frames":[{"imageOffset":30739748,"imageIndex":0},{"imageOffset":30750240,"imageIndex":0},{"imageOffset":30749548,"imageIndex":0},{"imageOffset":30852364,"imageIndex":0},{"imageOffset":66895144,"imageIndex":0},{"imageOffset":64560060,"imageIndex":0},{"imageOffset":64559816,"symbol":"job::prv::JobShim<SystemsUpdater::Node::LinkJob_NoFence(job::Builder&, UpdateContext const&) const::'lambda'(job::RunContext const&), job::PoolJobs2Data>::RunJob(void*, job::RunContext const&)","symbolLocation":52,"imageIndex":0},{"imageOffset":10322356,"imageIndex":0},{"imageOffset":10338072,"imageIndex":0},{"imageOffset":16904,"imageIndex":0},{"imageOffset":27656,"symbol":"_pthread_start","symbolLocation":136,"imageIndex":34},{"imageOffset":7080,"symbol":"thread_start","symbolLocation":8,"imageIndex":34}]},{"id":4305535,"name":"redDispatcher13","threadState":{"x":[{"value":14},{"value":18446744073709551615},{"value":6143061823},{"value":0},{"value":24},{"value":18},{"value":24},{"value":18},{"value":47363},{"value":18446744073709551615},{"value":47244640256},{"value":4454984560,"symbolLocation":8628,"symbol":"kHashSizes"},{"value":4358192956},{"value":35},{"value":4358192716},{"value":14},{"value":18446744073709551580},{"value":8819449592},{"value":0},{"value":49679719200},{"value":49679719136},{"value":18446744073709551615},{"value":49666588728},{"value":2},{"value":48},{"value":0},{"value":0},{"value":0},{"value":0}],"flavor":"ARM_THREAD_STATE64","lr":{"value":6980749712},"cpsr":{"value":1610612736},"fp":{"value":6143061584},"sp":{"value":6143061568},"esr":{"value":1442840704,"description":"(Syscall)"},"pc":{"value":6982290352},"far":{"value":0}},"frames":[{"imageOffset":2992,"symbol":"semaphore_wait_trap","symbolLocation":8,"imageIndex":26},{"imageOffset":14736,"symbol":"_dispatch_sema4_wait","symbolLocation":28,"imageIndex":33},{"imageOffset":16192,"symbol":"_dispatch_semaphore_wait_slow","symbolLocation":132,"imageIndex":33},{"imageOffset":10337028,"imageIndex":0},{"imageOffset":10335172,"imageIndex":0},{"imageOffset":10337948,"imageIndex":0},{"imageOffset":16904,"imageIndex":0},{"imageOffset":27656,"symbol":"_pthread_start","symbolLocation":136,"imageIndex":34},{"imageOffset":7080,"symbol":"thread_start","symbolLocation":8,"imageIndex":34}]},{"id":4305536,"name":"redDispatcher14","threadState":{"x":[{"value":14},{"value":18446744073709551615},{"value":6144159551},{"value":1},{"value":4465251072},{"value":481664633288},{"value":0},{"value":0},{"value":47363},{"value":18446744073709551615},{"value":25769803776},{"value":567209000984},{"value":8135},{"value":137242},{"value":13},{"value":6043},{"value":18446744073709551580},{"value":8819449592},{"value":0},{"value":49679719200},{"value":49679719136},{"value":18446744073709551615},{"value":49642475576},{"value":2},{"value":48},{"value":0},{"value":0},{"value":0},{"value":0}],"flavor":"ARM_THREAD_STATE64","lr":{"value":6980749712},"cpsr":{"value":1610612736},"fp":{"value":6144159312},"sp":{"value":6144159296},"esr":{"value":1442840704,"description":"(Syscall)"},"pc":{"value":6982290352},"far":{"value":0}},"frames":[{"imageOffset":2992,"symbol":"semaphore_wait_trap","symbolLocation":8,"imageIndex":26},{"imageOffset":14736,"symbol":"_dispatch_sema4_wait","symbolLocation":28,"imageIndex":33},{"imageOffset":16192,"symbol":"_dispatch_semaphore_wait_slow","symbolLocation":132,"imageIndex":33},{"imageOffset":10337028,"imageIndex":0},{"imageOffset":10335172,"imageIndex":0},{"imageOffset":10337948,"imageIndex":0},{"imageOffset":16904,"imageIndex":0},{"imageOffset":27656,"symbol":"_pthread_start","symbolLocation":136,"imageIndex":34},{"imageOffset":7080,"symbol":"thread_start","symbolLocation":8,"imageIndex":34}]},{"id":4305538,"name":"redDispatcher15","threadState":{"x":[{"value":14},{"value":18446744073709551615},{"value":6145257279},{"value":1},{"value":49679427968},{"value":0},{"value":18446744072631617535},{"value":18446726482597246976},{"value":47363},{"value":18446744073709551615},{"value":34359738368},{"value":0},{"value":3086362841779856016},{"value":3086345247446326064},{"value":57344},{"value":68},{"value":18446744073709551580},{"value":8819449592},{"value":0},{"value":49679719200},{"value":49679719136},{"value":18446744073709551615},{"value":49666220088},{"value":2},{"value":48},{"value":0},{"value":0},{"value":0},{"value":0}],"flavor":"ARM_THREAD_STATE64","lr":{"value":6980749712},"cpsr":{"value":1610612736},"fp":{"value":6145257040},"sp":{"value":6145257024},"esr":{"value":1442840704,"description":"(Syscall)"},"pc":{"value":6982290352},"far":{"value":0}},"frames":[{"imageOffset":2992,"symbol":"semaphore_wait_trap","symbolLocation":8,"imageIndex":26},{"imageOffset":14736,"symbol":"_dispatch_sema4_wait","symbolLocation":28,"imageIndex":33},{"imageOffset":16192,"symbol":"_dispatch_semaphore_wait_slow","symbolLocation":132,"imageIndex":33},{"imageOffset":10337028,"imageIndex":0},{"imageOffset":10335172,"imageIndex":0},{"imageOffset":10337948,"imageIndex":0},{"imageOffset":16904,"imageIndex":0},{"imageOffset":27656,"symbol":"_pthread_start","symbolLocation":136,"imageIndex":34},{"imageOffset":7080,"symbol":"thread_start","symbolLocation":8,"imageIndex":34}]},{"id":4305569,"frames":[{"imageOffset":17656,"symbol":"__psynch_cvwait","symbolLocation":8,"imageIndex":26},{"imageOffset":28892,"symbol":"_pthread_cond_wait","symbolLocation":984,"imageIndex":34},{"imageOffset":141140,"symbol":"std::__1::condition_variable::wait(std::__1::unique_lock<std::__1::mutex>&)","symbolLocation":32,"imageIndex":38},{"imageOffset":929160,"symbol":"gog::LoggingCore::TrafficThreadFunction()","symbolLocation":152,"imageIndex":5},{"imageOffset":980904,"symbol":"void* std::__1::__thread_proxy[abi:ne180100]<std::__1::tuple<std::__1::unique_ptr<std::__1::__thread_struct, std::__1::default_delete<std::__1::__thread_struct>>, std::__1::function<void ()>>>(void*)","symbolLocation":64,"imageIndex":5},{"imageOffset":27656,"symbol":"_pthread_start","symbolLocation":136,"imageIndex":34},{"imageOffset":7080,"symbol":"thread_start","symbolLocation":8,"imageIndex":34}],"threadState":{"x":[{"value":260},{"value":0},{"value":0},{"value":0},{"value":0},{"value":160},{"value":0},{"value":0},{"value":6145830472},{"value":0},{"value":0},{"value":2},{"value":2},{"value":0},{"value":0},{"value":0},{"value":305},{"value":8819445208},{"value":0},{"value":49676632368},{"value":49676632432},{"value":6145831136},{"value":0},{"value":0},{"value":0},{"value":1},{"value":256},{"value":1},{"value":18446744073709551615}],"flavor":"ARM_THREAD_STATE64","lr":{"value":6982566108},"cpsr":{"value":1610612736},"fp":{"value":6145830592},"sp":{"value":6145830448},"esr":{"value":1442840704,"description":"(Syscall)"},"pc":{"value":6982305016},"far":{"value":0}}},{"id":4305573,"frames":[{"imageOffset":17656,"symbol":"__psynch_cvwait","symbolLocation":8,"imageIndex":26},{"imageOffset":28892,"symbol":"_pthread_cond_wait","symbolLocation":984,"imageIndex":34},{"imageOffset":141292,"symbol":"std::__1::condition_variable::__do_timed_wait(std::__1::unique_lock<std::__1::mutex>&, std::__1::chrono::time_point<std::__1::chrono::system_clock, std::__1::chrono::duration<long long, std::__1::ratio<1l, 1000000000l>>>)","symbolLocation":104,"imageIndex":38},{"imageOffset":5552344,"symbol":"std::__1::cv_status std::__1::condition_variable::wait_for<unsigned long long, std::__1::ratio<1l, 1000000l>>(std::__1::unique_lock<std::__1::mutex>&, std::__1::chrono::duration<unsigned long long, std::__1::ratio<1l, 1000000l>> const&)","symbolLocation":332,"imageIndex":5},{"imageOffset":5551892,"symbol":"galaxy::peer::InternalThread::SleepIfNotNotifed(gog::TimeInterval const&)","symbolLocation":116,"imageIndex":5},{"imageOffset":5553984,"symbol":"galaxy::peer::InternalThread::Run()","symbolLocation":1556,"imageIndex":5},{"imageOffset":5566500,"symbol":"galaxy::peer::InternalThread::InternalThread(std::__1::shared_ptr<gog::ILoggerRoot> const&, galaxy::peer::GalaxyPeerApplication*, boost::optional<std::__1::basic_string<char, std::__1::char_traits<char>, std::__1::allocator<char>>>)::$_0::operator()() const","symbolLocation":28,"imageIndex":5},{"imageOffset":5566460,"symbol":"decltype(std::declval<galaxy::peer::InternalThread::InternalThread(std::__1::shared_ptr<gog::ILoggerRoot> const&, galaxy::peer::GalaxyPeerApplication*, boost::optional<std::__1::basic_string<char, std::__1::char_traits<char>, std::__1::allocator<char>>>)::$_0&>()()) std::__1::__invoke[abi:de180100]<galaxy::peer::InternalThread::InternalThread(std::__1::shared_ptr<gog::ILoggerRoot> const&, galaxy::peer::GalaxyPeerApplication*, boost::optional<std::__1::basic_string<char, std::__1::char_traits<char>, std::__1::allocator<char>>>)::$_0&>(galaxy::peer::InternalThread::InternalThread(std::__1::shared_ptr<gog::ILoggerRoot> const&, galaxy::peer::GalaxyPeerApplication*, boost::optional<std::__1::basic_string<char, std::__1::char_traits<char>, std::__1::allocator<char>>>)::$_0&)","symbolLocation":24,"imageIndex":5},{"imageOffset":5566388,"symbol":"void std::__1::__invoke_void_return_wrapper<void, true>::__call[abi:de180100]<galaxy::peer::InternalThread::InternalThread(std::__1::shared_ptr<gog::ILoggerRoot> const&, galaxy::peer::GalaxyPeerApplication*, boost::optional<std::__1::basic_string<char, std::__1::char_traits<char>, std::__1::allocator<char>>>)::$_0&>(galaxy::peer::InternalThread::InternalThread(std::__1::shared_ptr<gog::ILoggerRoot> const&, galaxy::peer::GalaxyPeerApplication*, boost::optional<std::__1::basic_string<char, std::__1::char_traits<char>, std::__1::allocator<char>>>)::$_0&)","symbolLocation":24,"imageIndex":5},{"imageOffset":5566352,"symbol":"std::__1::__function::__alloc_func<galaxy::peer::InternalThread::InternalThread(std::__1::shared_ptr<gog::ILoggerRoot> const&, galaxy::peer::GalaxyPeerApplication*, boost::optional<std::__1::basic_string<char, std::__1::char_traits<char>, std::__1::allocator<char>>>)::$_0, std::__1::allocator<galaxy::peer::InternalThread::InternalThread(std::__1::shared_ptr<gog::ILoggerRoot> const&, galaxy::peer::GalaxyPeerApplication*, boost::optional<std::__1::basic_string<char, std::__1::char_traits<char>, std::__1::allocator<char>>>)::$_0>, void ()>::operator()[abi:de180100]()","symbolLocation":28,"imageIndex":5},{"imageOffset":5561844,"symbol":"std::__1::__function::__func<galaxy::peer::InternalThread::InternalThread(std::__1::shared_ptr<gog::ILoggerRoot> const&, galaxy::peer::GalaxyPeerApplication*, boost::optional<std::__1::basic_string<char, std::__1::char_traits<char>, std::__1::allocator<char>>>)::$_0, std::__1::allocator<galaxy::peer::InternalThread::InternalThread(std::__1::shared_ptr<gog::ILoggerRoot> const&, galaxy::peer::GalaxyPeerApplication*, boost::optional<std::__1::basic_string<char, std::__1::char_traits<char>, std::__1::allocator<char>>>)::$_0>, void ()>::operator()()","symbolLocation":28,"imageIndex":5},{"imageOffset":980904,"symbol":"void* std::__1::__thread_proxy[abi:ne180100]<std::__1::tuple<std::__1::unique_ptr<std::__1::__thread_struct, std::__1::default_delete<std::__1::__thread_struct>>, std::__1::function<void ()>>>(void*)","symbolLocation":64,"imageIndex":5},{"imageOffset":27656,"symbol":"_pthread_start","symbolLocation":136,"imageIndex":34},{"imageOffset":7080,"symbol":"thread_start","symbolLocation":8,"imageIndex":34}],"threadState":{"x":[{"value":316},{"value":0},{"value":0},{"value":0},{"value":0},{"value":160},{"value":0},{"value":1000000},{"value":6146400552},{"value":0},{"value":0},{"value":2},{"value":2},{"value":0},{"value":0},{"value":0},{"value":305},{"value":8819445208},{"value":0},{"value":49687580256},{"value":49687580320},{"value":6146404576},{"value":1000000},{"value":0},{"value":0},{"value":5207041},{"value":5207296},{"value":0},{"value":0}],"flavor":"ARM_THREAD_STATE64","lr":{"value":6982566108},"cpsr":{"value":1610612736},"fp":{"value":6146400672},"sp":{"value":6146400528},"esr":{"value":1442840704,"description":"(Syscall)"},"pc":{"value":6982305016},"far":{"value":0}}},{"id":4305574,"frames":[{"imageOffset":17656,"symbol":"__psynch_cvwait","symbolLocation":8,"imageIndex":26},{"imageOffset":28892,"symbol":"_pthread_cond_wait","symbolLocation":984,"imageIndex":34},{"imageOffset":141140,"symbol":"std::__1::condition_variable::wait(std::__1::unique_lock<std::__1::mutex>&)","symbolLocation":32,"imageIndex":38},{"imageOffset":699500,"symbol":"gog::AbstractHttpClient<gog::RequestContext>::ThreadFunction()","symbolLocation":140,"imageIndex":5},{"imageOffset":980904,"symbol":"void* std::__1::__thread_proxy[abi:ne180100]<std::__1::tuple<std::__1::unique_ptr<std::__1::__thread_struct, std::__1::default_delete<std::__1::__thread_struct>>, std::__1::function<void ()>>>(void*)","symbolLocation":64,"imageIndex":5},{"imageOffset":27656,"symbol":"_pthread_start","symbolLocation":136,"imageIndex":34},{"imageOffset":7080,"symbol":"thread_start","symbolLocation":8,"imageIndex":34}],"threadState":{"x":[{"value":4},{"value":0},{"value":0},{"value":0},{"value":0},{"value":160},{"value":0},{"value":0},{"value":6146977320},{"value":0},{"value":0},{"value":2},{"value":2},{"value":0},{"value":0},{"value":0},{"value":305},{"value":8819445208},{"value":0},{"value":49676632888},{"value":49676632952},{"value":6146978016},{"value":0},{"value":0},{"value":0},{"value":1},{"value":256},{"value":1},{"value":18446744073709551615}],"flavor":"ARM_THREAD_STATE64","lr":{"value":6982566108},"cpsr":{"value":1610612736},"fp":{"value":6146977440},"sp":{"value":6146977296},"esr":{"value":1442840704,"description":"(Syscall)"},"pc":{"value":6982305016},"far":{"value":0}}},{"id":4305575,"frames":[{"imageOffset":17656,"symbol":"__psynch_cvwait","symbolLocation":8,"imageIndex":26},{"imageOffset":28892,"symbol":"_pthread_cond_wait","symbolLocation":984,"imageIndex":34},{"imageOffset":141140,"symbol":"std::__1::condition_variable::wait(std::__1::unique_lock<std::__1::mutex>&)","symbolLocation":32,"imageIndex":38},{"imageOffset":699500,"symbol":"gog::AbstractHttpClient<gog::RequestContext>::ThreadFunction()","symbolLocation":140,"imageIndex":5},{"imageOffset":980904,"symbol":"void* std::__1::__thread_proxy[abi:ne180100]<std::__1::tuple<std::__1::unique_ptr<std::__1::__thread_struct, std::__1::default_delete<std::__1::__thread_struct>>, std::__1::function<void ()>>>(void*)","symbolLocation":64,"imageIndex":5},{"imageOffset":27656,"symbol":"_pthread_start","symbolLocation":136,"imageIndex":34},{"imageOffset":7080,"symbol":"thread_start","symbolLocation":8,"imageIndex":34}],"threadState":{"x":[{"value":4},{"value":0},{"value":0},{"value":0},{"value":0},{"value":160},{"value":0},{"value":0},{"value":6147550760},{"value":0},{"value":0},{"value":2},{"value":2},{"value":0},{"value":0},{"value":0},{"value":305},{"value":8819445208},{"value":0},{"value":49676632888},{"value":49676632952},{"value":6147551456},{"value":0},{"value":0},{"value":0},{"value":0},{"value":512},{"value":1},{"value":18446744073709551615}],"flavor":"ARM_THREAD_STATE64","lr":{"value":6982566108},"cpsr":{"value":1610612736},"fp":{"value":6147550880},"sp":{"value":6147550736},"esr":{"value":1442840704,"description":"(Syscall)"},"pc":{"value":6982305016},"far":{"value":0}}},{"id":4305576,"frames":[{"imageOffset":17656,"symbol":"__psynch_cvwait","symbolLocation":8,"imageIndex":26},{"imageOffset":28892,"symbol":"_pthread_cond_wait","symbolLocation":984,"imageIndex":34},{"imageOffset":141140,"symbol":"std::__1::condition_variable::wait(std::__1::unique_lock<std::__1::mutex>&)","symbolLocation":32,"imageIndex":38},{"imageOffset":699500,"symbol":"gog::AbstractHttpClient<gog::RequestContext>::ThreadFunction()","symbolLocation":140,"imageIndex":5},{"imageOffset":980904,"symbol":"void* std::__1::__thread_proxy[abi:ne180100]<std::__1::tuple<std::__1::unique_ptr<std::__1::__thread_struct, std::__1::default_delete<std::__1::__thread_struct>>, std::__1::function<void ()>>>(void*)","symbolLocation":64,"imageIndex":5},{"imageOffset":27656,"symbol":"_pthread_start","symbolLocation":136,"imageIndex":34},{"imageOffset":7080,"symbol":"thread_start","symbolLocation":8,"imageIndex":34}],"threadState":{"x":[{"value":4},{"value":0},{"value":0},{"value":0},{"value":0},{"value":160},{"value":0},{"value":0},{"value":6148124200},{"value":0},{"value":0},{"value":2},{"value":2},{"value":0},{"value":0},{"value":0},{"value":305},{"value":8819445208},{"value":0},{"value":49676632888},{"value":49676632952},{"value":6148124896},{"value":0},{"value":0},{"value":0},{"value":0},{"value":768},{"value":1},{"value":18446744073709551615}],"flavor":"ARM_THREAD_STATE64","lr":{"value":6982566108},"cpsr":{"value":1610612736},"fp":{"value":6148124320},"sp":{"value":6148124176},"esr":{"value":1442840704,"description":"(Syscall)"},"pc":{"value":6982305016},"far":{"value":0}}},{"id":4305577,"frames":[{"imageOffset":17656,"symbol":"__psynch_cvwait","symbolLocation":8,"imageIndex":26},{"imageOffset":28892,"symbol":"_pthread_cond_wait","symbolLocation":984,"imageIndex":34},{"imageOffset":141140,"symbol":"std::__1::condition_variable::wait(std::__1::unique_lock<std::__1::mutex>&)","symbolLocation":32,"imageIndex":38},{"imageOffset":699500,"symbol":"gog::AbstractHttpClient<gog::RequestContext>::ThreadFunction()","symbolLocation":140,"imageIndex":5},{"imageOffset":980904,"symbol":"void* std::__1::__thread_proxy[abi:ne180100]<std::__1::tuple<std::__1::unique_ptr<std::__1::__thread_struct, std::__1::default_delete<std::__1::__thread_struct>>, std::__1::function<void ()>>>(void*)","symbolLocation":64,"imageIndex":5},{"imageOffset":27656,"symbol":"_pthread_start","symbolLocation":136,"imageIndex":34},{"imageOffset":7080,"symbol":"thread_start","symbolLocation":8,"imageIndex":34}],"threadState":{"x":[{"value":4},{"value":0},{"value":0},{"value":0},{"value":0},{"value":160},{"value":0},{"value":0},{"value":6148697640},{"value":0},{"value":0},{"value":2},{"value":2},{"value":0},{"value":0},{"value":0},{"value":305},{"value":8819445208},{"value":0},{"value":49676632888},{"value":49676632952},{"value":6148698336},{"value":0},{"value":0},{"value":0},{"value":0},{"value":1024},{"value":1},{"value":18446744073709551615}],"flavor":"ARM_THREAD_STATE64","lr":{"value":6982566108},"cpsr":{"value":1610612736},"fp":{"value":6148697760},"sp":{"value":6148697616},"esr":{"value":1442840704,"description":"(Syscall)"},"pc":{"value":6982305016},"far":{"value":0}}},{"id":4305578,"frames":[{"imageOffset":17656,"symbol":"__psynch_cvwait","symbolLocation":8,"imageIndex":26},{"imageOffset":28892,"symbol":"_pthread_cond_wait","symbolLocation":984,"imageIndex":34},{"imageOffset":141140,"symbol":"std::__1::condition_variable::wait(std::__1::unique_lock<std::__1::mutex>&)","symbolLocation":32,"imageIndex":38},{"imageOffset":699500,"symbol":"gog::AbstractHttpClient<gog::RequestContext>::ThreadFunction()","symbolLocation":140,"imageIndex":5},{"imageOffset":980904,"symbol":"void* std::__1::__thread_proxy[abi:ne180100]<std::__1::tuple<std::__1::unique_ptr<std::__1::__thread_struct, std::__1::default_delete<std::__1::__thread_struct>>, std::__1::function<void ()>>>(void*)","symbolLocation":64,"imageIndex":5},{"imageOffset":27656,"symbol":"_pthread_start","symbolLocation":136,"imageIndex":34},{"imageOffset":7080,"symbol":"thread_start","symbolLocation":8,"imageIndex":34}],"threadState":{"x":[{"value":4},{"value":0},{"value":0},{"value":0},{"value":0},{"value":160},{"value":0},{"value":0},{"value":6149271080},{"value":0},{"value":0},{"value":2},{"value":2},{"value":0},{"value":0},{"value":0},{"value":305},{"value":8819445208},{"value":0},{"value":49676632888},{"value":49676632952},{"value":6149271776},{"value":0},{"value":0},{"value":0},{"value":0},{"value":1280},{"value":1},{"value":18446744073709551615}],"flavor":"ARM_THREAD_STATE64","lr":{"value":6982566108},"cpsr":{"value":1610612736},"fp":{"value":6149271200},"sp":{"value":6149271056},"esr":{"value":1442840704,"description":"(Syscall)"},"pc":{"value":6982305016},"far":{"value":0}}},{"id":4305579,"frames":[{"imageOffset":17656,"symbol":"__psynch_cvwait","symbolLocation":8,"imageIndex":26},{"imageOffset":28892,"symbol":"_pthread_cond_wait","symbolLocation":984,"imageIndex":34},{"imageOffset":141140,"symbol":"std::__1::condition_variable::wait(std::__1::unique_lock<std::__1::mutex>&)","symbolLocation":32,"imageIndex":38},{"imageOffset":699500,"symbol":"gog::AbstractHttpClient<gog::RequestContext>::ThreadFunction()","symbolLocation":140,"imageIndex":5},{"imageOffset":980904,"symbol":"void* std::__1::__thread_proxy[abi:ne180100]<std::__1::tuple<std::__1::unique_ptr<std::__1::__thread_struct, std::__1::default_delete<std::__1::__thread_struct>>, std::__1::function<void ()>>>(void*)","symbolLocation":64,"imageIndex":5},{"imageOffset":27656,"symbol":"_pthread_start","symbolLocation":136,"imageIndex":34},{"imageOffset":7080,"symbol":"thread_start","symbolLocation":8,"imageIndex":34}],"threadState":{"x":[{"value":4},{"value":0},{"value":0},{"value":0},{"value":0},{"value":160},{"value":0},{"value":0},{"value":6149844520},{"value":0},{"value":0},{"value":2},{"value":2},{"value":0},{"value":0},{"value":0},{"value":305},{"value":8819445208},{"value":0},{"value":49676632888},{"value":49676632952},{"value":6149845216},{"value":0},{"value":0},{"value":0},{"value":0},{"value":1536},{"value":1},{"value":18446744073709551615}],"flavor":"ARM_THREAD_STATE64","lr":{"value":6982566108},"cpsr":{"value":1610612736},"fp":{"value":6149844640},"sp":{"value":6149844496},"esr":{"value":1442840704,"description":"(Syscall)"},"pc":{"value":6982305016},"far":{"value":0}}},{"id":4305580,"frames":[{"imageOffset":17656,"symbol":"__psynch_cvwait","symbolLocation":8,"imageIndex":26},{"imageOffset":28892,"symbol":"_pthread_cond_wait","symbolLocation":984,"imageIndex":34},{"imageOffset":141140,"symbol":"std::__1::condition_variable::wait(std::__1::unique_lock<std::__1::mutex>&)","symbolLocation":32,"imageIndex":38},{"imageOffset":699500,"symbol":"gog::AbstractHttpClient<gog::RequestContext>::ThreadFunction()","symbolLocation":140,"imageIndex":5},{"imageOffset":980904,"symbol":"void* std::__1::__thread_proxy[abi:ne180100]<std::__1::tuple<std::__1::unique_ptr<std::__1::__thread_struct, std::__1::default_delete<std::__1::__thread_struct>>, std::__1::function<void ()>>>(void*)","symbolLocation":64,"imageIndex":5},{"imageOffset":27656,"symbol":"_pthread_start","symbolLocation":136,"imageIndex":34},{"imageOffset":7080,"symbol":"thread_start","symbolLocation":8,"imageIndex":34}],"threadState":{"x":[{"value":4},{"value":0},{"value":0},{"value":0},{"value":0},{"value":160},{"value":0},{"value":0},{"value":6150417960},{"value":0},{"value":0},{"value":2},{"value":2},{"value":0},{"value":0},{"value":0},{"value":305},{"value":8819445208},{"value":0},{"value":49676632888},{"value":49676632952},{"value":6150418656},{"value":0},{"value":0},{"value":0},{"value":0},{"value":1792},{"value":1},{"value":18446744073709551615}],"flavor":"ARM_THREAD_STATE64","lr":{"value":6982566108},"cpsr":{"value":1610612736},"fp":{"value":6150418080},"sp":{"value":6150417936},"esr":{"value":1442840704,"description":"(Syscall)"},"pc":{"value":6982305016},"far":{"value":0}}},{"id":4305581,"frames":[{"imageOffset":17656,"symbol":"__psynch_cvwait","symbolLocation":8,"imageIndex":26},{"imageOffset":28892,"symbol":"_pthread_cond_wait","symbolLocation":984,"imageIndex":34},{"imageOffset":141140,"symbol":"std::__1::condition_variable::wait(std::__1::unique_lock<std::__1::mutex>&)","symbolLocation":32,"imageIndex":38},{"imageOffset":699500,"symbol":"gog::AbstractHttpClient<gog::RequestContext>::ThreadFunction()","symbolLocation":140,"imageIndex":5},{"imageOffset":980904,"symbol":"void* std::__1::__thread_proxy[abi:ne180100]<std::__1::tuple<std::__1::unique_ptr<std::__1::__thread_struct, std::__1::default_delete<std::__1::__thread_struct>>, std::__1::function<void ()>>>(void*)","symbolLocation":64,"imageIndex":5},{"imageOffset":27656,"symbol":"_pthread_start","symbolLocation":136,"imageIndex":34},{"imageOffset":7080,"symbol":"thread_start","symbolLocation":8,"imageIndex":34}],"threadState":{"x":[{"value":260},{"value":0},{"value":0},{"value":0},{"value":0},{"value":160},{"value":0},{"value":0},{"value":6150991400},{"value":0},{"value":0},{"value":2},{"value":2},{"value":0},{"value":0},{"value":0},{"value":305},{"value":8819445208},{"value":0},{"value":49676632888},{"value":49676632952},{"value":6150992096},{"value":0},{"value":0},{"value":0},{"value":0},{"value":2048},{"value":1},{"value":18446744073709551615}],"flavor":"ARM_THREAD_STATE64","lr":{"value":6982566108},"cpsr":{"value":1610612736},"fp":{"value":6150991520},"sp":{"value":6150991376},"esr":{"value":1442840704,"description":"(Syscall)"},"pc":{"value":6982305016},"far":{"value":0}}},{"id":4305618,"name":"WatchdogThread","threadState":{"x":[{"value":60},{"value":0},{"value":1},{"value":1},{"value":0},{"value":66000000},{"value":0},{"value":0},{"value":8796689128,"symbolLocation":0,"symbol":"clock_sem"},{"value":3},{"value":17},{"value":0},{"value":0},{"value":0},{"value":0},{"value":0},{"value":334},{"value":8819445328},{"value":0},{"value":0},{"value":6151171872},{"value":4494409728},{"value":1000},{"value":4494409728},{"value":0},{"value":0},{"value":0},{"value":0},{"value":0}],"flavor":"ARM_THREAD_STATE64","lr":{"value":6981094764},"cpsr":{"value":2684354560},"fp":{"value":6151171856},"sp":{"value":6151171808},"esr":{"value":1442840704,"description":"(Syscall)"},"pc":{"value":6982304500},"far":{"value":0}},"frames":[{"imageOffset":17140,"symbol":"__semwait_signal","symbolLocation":8,"imageIndex":26},{"imageOffset":56684,"symbol":"nanosleep","symbolLocation":220,"imageIndex":39},{"imageOffset":56452,"symbol":"usleep","symbolLocation":68,"imageIndex":39},{"imageOffset":64641720,"imageIndex":0},{"imageOffset":16904,"imageIndex":0},{"imageOffset":27656,"symbol":"_pthread_start","symbolLocation":136,"imageIndex":34},{"imageOffset":7080,"symbol":"thread_start","symbolLocation":8,"imageIndex":34}]},{"id":4305620,"name":"GameServicesMac","threadState":{"x":[{"value":260},{"value":0},{"value":0},{"value":0},{"value":0},{"value":65705},{"value":0},{"value":0},{"value":6153318024},{"value":0},{"value":0},{"value":2},{"value":2},{"value":0},{"value":0},{"value":0},{"value":305},{"value":8819445208},{"value":0},{"value":498220066488},{"value":498220066552},{"value":6153318624},{"value":0},{"value":0},{"value":0},{"value":1},{"value":256},{"value":0},{"value":0}],"flavor":"ARM_THREAD_STATE64","lr":{"value":6982566108},"cpsr":{"value":1610612736},"fp":{"value":6153318144},"sp":{"value":6153318000},"esr":{"value":1442840704,"description":"(Syscall)"},"pc":{"value":6982305016},"far":{"value":0}},"frames":[{"imageOffset":17656,"symbol":"__psynch_cvwait","symbolLocation":8,"imageIndex":26},{"imageOffset":28892,"symbol":"_pthread_cond_wait","symbolLocation":984,"imageIndex":34},{"imageOffset":14094592,"imageIndex":0},{"imageOffset":16904,"imageIndex":0},{"imageOffset":27656,"symbol":"_pthread_start","symbolLocation":136,"imageIndex":34},{"imageOffset":7080,"symbol":"thread_start","symbolLocation":8,"imageIndex":34}]},{"id":4305623,"name":"RawTcpNetworkTh","threadState":{"x":[{"value":0},{"value":0},{"value":0},{"value":6153498176},{"value":6153498432},{"value":1000000},{"value":100},{"value":0},{"value":0},{"value":498232042480},{"value":2},{"value":1099511627776},{"value":4294967293},{"value":0},{"value":0},{"value":0},{"value":93},{"value":2},{"value":0},{"value":498232042448},{"value":498232042456},{"value":10000},{"value":6153498504},{"value":0},{"value":0},{"value":0},{"value":0},{"value":0},{"value":0}],"flavor":"ARM_THREAD_STATE64","lr":{"value":4382242148},"cpsr":{"value":2147483648},"fp":{"value":6153498480},"sp":{"value":6153498176},"esr":{"value":1442840704,"description":"(Syscall)"},"pc":{"value":6982336084},"far":{"value":0}},"frames":[{"imageOffset":48724,"symbol":"__select","symbolLocation":8,"imageIndex":26},{"imageOffset":39728484,"imageIndex":0},{"imageOffset":16904,"imageIndex":0},{"imageOffset":27656,"symbol":"_pthread_start","symbolLocation":136,"imageIndex":34},{"imageOffset":7080,"symbol":"thread_start","symbolLocation":8,"imageIndex":34}]},{"id":4305624,"name":"PacketNetworkMa","threadState":{"x":[{"value":260},{"value":0},{"value":0},{"value":0},{"value":0},{"value":65705},{"value":0},{"value":0},{"value":6153678344},{"value":0},{"value":0},{"value":2},{"value":2},{"value":0},{"value":0},{"value":0},{"value":305},{"value":8819445208},{"value":0},{"value":481664107248},{"value":481664107312},{"value":6153679072},{"value":0},{"value":0},{"value":0},{"value":1},{"value":256},{"value":0},{"value":16777619}],"flavor":"ARM_THREAD_STATE64","lr":{"value":6982566108},"cpsr":{"value":1610612736},"fp":{"value":6153678464},"sp":{"value":6153678320},"esr":{"value":1442840704,"description":"(Syscall)"},"pc":{"value":6982305016},"far":{"value":0}},"frames":[{"imageOffset":17656,"symbol":"__psynch_cvwait","symbolLocation":8,"imageIndex":26},{"imageOffset":28892,"symbol":"_pthread_cond_wait","symbolLocation":984,"imageIndex":34},{"imageOffset":39712900,"imageIndex":0},{"imageOffset":16904,"imageIndex":0},{"imageOffset":27656,"symbol":"_pthread_start","symbolLocation":136,"imageIndex":34},{"imageOffset":7080,"symbol":"thread_start","symbolLocation":8,"imageIndex":34}]},{"id":4305664,"frames":[{"imageOffset":17656,"symbol":"__psynch_cvwait","symbolLocation":8,"imageIndex":26},{"imageOffset":28892,"symbol":"_pthread_cond_wait","symbolLocation":984,"imageIndex":34},{"imageOffset":6283688,"imageIndex":0},{"imageOffset":27656,"symbol":"_pthread_start","symbolLocation":136,"imageIndex":34},{"imageOffset":7080,"symbol":"thread_start","symbolLocation":8,"imageIndex":34}],"threadState":{"x":[{"value":260},{"value":0},{"value":329984},{"value":0},{"value":0},{"value":65704},{"value":0},{"value":0},{"value":6288076568},{"value":0},{"value":1024},{"value":4398046512130},{"value":4398046512130},{"value":1024},{"value":0},{"value":4398046512128},{"value":305},{"value":8819445208},{"value":0},{"value":12885431848},{"value":12885431912},{"value":6288077024},{"value":0},{"value":0},{"value":329984},{"value":329985},{"value":330240},{"value":0},{"value":0}],"flavor":"ARM_THREAD_STATE64","lr":{"value":6982566108},"cpsr":{"value":1610612736},"fp":{"value":6288076688},"sp":{"value":6288076544},"esr":{"value":1442840704,"description":"(Syscall)"},"pc":{"value":6982305016},"far":{"value":0}}},{"id":4305665,"frames":[{"imageOffset":17656,"symbol":"__psynch_cvwait","symbolLocation":8,"imageIndex":26},{"imageOffset":28892,"symbol":"_pthread_cond_wait","symbolLocation":984,"imageIndex":34},{"imageOffset":6283688,"imageIndex":0},{"imageOffset":27656,"symbol":"_pthread_start","symbolLocation":136,"imageIndex":34},{"imageOffset":7080,"symbol":"thread_start","symbolLocation":8,"imageIndex":34}],"threadState":{"x":[{"value":260},{"value":0},{"value":512},{"value":0},{"value":0},{"value":65704},{"value":0},{"value":0},{"value":6288256792},{"value":0},{"value":0},{"value":2},{"value":2},{"value":0},{"value":0},{"value":0},{"value":305},{"value":8819445208},{"value":0},{"value":12885515128},{"value":12885515192},{"value":6288257248},{"value":0},{"value":0},{"value":512},{"value":513},{"value":768},{"value":0},{"value":0}],"flavor":"ARM_THREAD_STATE64","lr":{"value":6982566108},"cpsr":{"value":1610612736},"fp":{"value":6288256912},"sp":{"value":6288256768},"esr":{"value":1442840704,"description":"(Syscall)"},"pc":{"value":6982305016},"far":{"value":0}}},{"id":4305666,"frames":[{"imageOffset":2992,"symbol":"semaphore_wait_trap","symbolLocation":8,"imageIndex":26},{"imageOffset":6002784,"imageIndex":0},{"imageOffset":27656,"symbol":"_pthread_start","symbolLocation":136,"imageIndex":34},{"imageOffset":7080,"symbol":"thread_start","symbolLocation":8,"imageIndex":34}],"threadState":{"x":[{"value":14},{"value":0},{"value":73896},{"value":1},{"value":14313768591108426167},{"value":481600353296},{"value":1397479279228928},{"value":0},{"value":4491175192},{"value":481630687936},{"value":2},{"value":1099511627776},{"value":4294967293},{"value":0},{"value":0},{"value":0},{"value":18446744073709551580},{"value":2},{"value":0},{"value":481630687616},{"value":0},{"value":0},{"value":0},{"value":0},{"value":0},{"value":0},{"value":0},{"value":0},{"value":0}],"flavor":"ARM_THREAD_STATE64","lr":{"value":4348516448},"cpsr":{"value":1610612736},"fp":{"value":6288437184},"sp":{"value":6288437168},"esr":{"value":1442840704,"description":"(Syscall)"},"pc":{"value":6982290352},"far":{"value":0}}},{"id":4305667,"frames":[{"imageOffset":2992,"symbol":"semaphore_wait_trap","symbolLocation":8,"imageIndex":26},{"imageOffset":5697848,"imageIndex":0},{"imageOffset":27656,"symbol":"_pthread_start","symbolLocation":136,"imageIndex":34},{"imageOffset":7080,"symbol":"thread_start","symbolLocation":8,"imageIndex":34}],"threadState":{"x":[{"value":14},{"value":18446744073709551615},{"value":1},{"value":1},{"value":0},{"value":21000000},{"value":0},{"value":0},{"value":0},{"value":0},{"value":17},{"value":0},{"value":0},{"value":0},{"value":0},{"value":0},{"value":18446744073709551580},{"value":8819444976},{"value":0},{"value":21000},{"value":4491177984},{"value":4491177984},{"value":4491177984},{"value":4491177984},{"value":4463742976,"symbolLocation":21452,"symbol":"ConstNameBuilder<3201395557135980466ull>::s_registered"},{"value":4491176816},{"value":0},{"value":0},{"value":0}],"flavor":"ARM_THREAD_STATE64","lr":{"value":4348211512},"cpsr":{"value":0},"fp":{"value":6288617408},"sp":{"value":6288617344},"esr":{"value":1442840704,"description":"(Syscall)"},"pc":{"value":6982290352},"far":{"value":0}}},{"id":4305668,"frames":[{"imageOffset":2992,"symbol":"semaphore_wait_trap","symbolLocation":8,"imageIndex":26},{"imageOffset":6037248,"imageIndex":0},{"imageOffset":27656,"symbol":"_pthread_start","symbolLocation":136,"imageIndex":34},{"imageOffset":7080,"symbol":"thread_start","symbolLocation":8,"imageIndex":34}],"threadState":{"x":[{"value":14},{"value":0},{"value":73896},{"value":4466668864},{"value":4466843648},{"value":4466701632},{"value":1},{"value":6288797047},{"value":0},{"value":4491178152},{"value":25288767444738},{"value":1099511627776},{"value":4294967293},{"value":25288767438848},{"value":5888},{"value":0},{"value":18446744073709551580},{"value":25288767444738},{"value":0},{"value":481632188592},{"value":4491176816},{"value":0},{"value":0},{"value":0},{"value":0},{"value":0},{"value":0},{"value":0},{"value":0}],"flavor":"ARM_THREAD_STATE64","lr":{"value":4348550912},"cpsr":{"value":1610612736},"fp":{"value":6288797632},"sp":{"value":6288797616},"esr":{"value":1442840704,"description":"(Syscall)"},"pc":{"value":6982290352},"far":{"value":0}}},{"id":4305671,"name":"caulk.messenger.shared:17","threadState":{"x":[{"value":14},{"value":24159708314},{"value":0},{"value":6289371242},{"value":24159708288},{"value":25},{"value":0},{"value":0},{"value":0},{"value":4294967295},{"value":0},{"value":0},{"value":0},{"value":0},{"value":0},{"value":0},{"value":18446744073709551580},{"value":8819449592},{"value":0},{"value":49674624704},{"value":0},{"value":0},{"value":0},{"value":0},{"value":0},{"value":0},{"value":0},{"value":0},{"value":0}],"flavor":"ARM_THREAD_STATE64","lr":{"value":7190498824},"cpsr":{"value":2147483648},"fp":{"value":6289371008},"sp":{"value":6289370976},"esr":{"value":1442840704,"description":"(Syscall)"},"pc":{"value":6982290352},"far":{"value":0}},"frames":[{"imageOffset":2992,"symbol":"semaphore_wait_trap","symbolLocation":8,"imageIndex":26},{"imageOffset":7688,"symbol":"caulk::semaphore::timed_wait(double)","symbolLocation":224,"imageIndex":40},{"imageOffset":7344,"symbol":"caulk::concurrent::details::worker_thread::run()","symbolLocation":32,"imageIndex":40},{"imageOffset":6480,"symbol":"void* caulk::thread_proxy<std::__1::tuple<caulk::thread::attributes, void (caulk::concurrent::details::worker_thread::*)(), std::__1::tuple<caulk::concurrent::details::worker_thread*>>>(void*)","symbolLocation":96,"imageIndex":40},{"imageOffset":27656,"symbol":"_pthread_start","symbolLocation":136,"imageIndex":34},{"imageOffset":7080,"symbol":"thread_start","symbolLocation":8,"imageIndex":34}]},{"id":4305672,"name":"caulk.messenger.shared:high","threadState":{"x":[{"value":14},{"value":66819},{"value":66819},{"value":31},{"value":4294967295},{"value":0},{"value":0},{"value":0},{"value":0},{"value":4294967295},{"value":1},{"value":49695267880},{"value":0},{"value":0},{"value":0},{"value":0},{"value":18446744073709551580},{"value":8819449592},{"value":0},{"value":49674624480},{"value":0},{"value":0},{"value":0},{"value":0},{"value":0},{"value":0},{"value":0},{"value":0},{"value":0}],"flavor":"ARM_THREAD_STATE64","lr":{"value":7190498824},"cpsr":{"value":2147483648},"fp":{"value":6289944448},"sp":{"value":6289944416},"esr":{"value":1442840704,"description":"(Syscall)"},"pc":{"value":6982290352},"far":{"value":0}},"frames":[{"imageOffset":2992,"symbol":"semaphore_wait_trap","symbolLocation":8,"imageIndex":26},{"imageOffset":7688,"symbol":"caulk::semaphore::timed_wait(double)","symbolLocation":224,"imageIndex":40},{"imageOffset":7344,"symbol":"caulk::concurrent::details::worker_thread::run()","symbolLocation":32,"imageIndex":40},{"imageOffset":6480,"symbol":"void* caulk::thread_proxy<std::__1::tuple<caulk::thread::attributes, void (caulk::concurrent::details::worker_thread::*)(), std::__1::tuple<caulk::concurrent::details::worker_thread*>>>(void*)","symbolLocation":96,"imageIndex":40},{"imageOffset":27656,"symbol":"_pthread_start","symbolLocation":136,"imageIndex":34},{"imageOffset":7080,"symbol":"thread_start","symbolLocation":8,"imageIndex":34}]},{"id":4305717,"frames":[],"threadState":{"x":[{"value":6290518016},{"value":163843},{"value":6289981440},{"value":6290516864},{"value":5193734},{"value":1},{"value":0},{"value":0},{"value":0},{"value":0},{"value":0},{"value":0},{"value":0},{"value":0},{"value":0},{"value":0},{"value":0},{"value":0},{"value":0},{"value":0},{"value":0},{"value":0},{"value":0},{"value":0},{"value":0},{"value":0},{"value":0},{"value":0},{"value":0}],"flavor":"ARM_THREAD_STATE64","lr":{"value":0},"cpsr":{"value":0},"fp":{"value":0},"sp":{"value":6290516848},"esr":{"value":1442840704,"description":"(Syscall)"},"pc":{"value":6982544276},"far":{"value":0}}},{"id":4305719,"frames":[],"threadState":{"x":[{"value":6291091456},{"value":162051},{"value":6290554880},{"value":6291090304},{"value":5193734},{"value":1},{"value":0},{"value":0},{"value":0},{"value":0},{"value":0},{"value":0},{"value":0},{"value":0},{"value":0},{"value":0},{"value":0},{"value":0},{"value":0},{"value":0},{"value":0},{"value":0},{"value":0},{"value":0},{"value":0},{"value":0},{"value":0},{"value":0},{"value":0}],"flavor":"ARM_THREAD_STATE64","lr":{"value":0},"cpsr":{"value":0},"fp":{"value":0},"sp":{"value":6291090192},"esr":{"value":1442840704,"description":"(Syscall)"},"pc":{"value":6982544276},"far":{"value":0}}},{"id":4305720,"name":"com.apple.audio.toolbox.AUScheduledParameterRefresher","threadState":{"x":[{"value":14},{"value":24159657974},{"value":0},{"value":6291665030},{"value":24159657920},{"value":53},{"value":0},{"value":0},{"value":0},{"value":4294967295},{"value":0},{"value":0},{"value":0},{"value":0},{"value":0},{"value":0},{"value":18446744073709551580},{"value":8819449592},{"value":0},{"value":49666807992},{"value":0},{"value":0},{"value":0},{"value":0},{"value":0},{"value":0},{"value":0},{"value":0},{"value":0}],"flavor":"ARM_THREAD_STATE64","lr":{"value":7190498824},"cpsr":{"value":2147483648},"fp":{"value":6291664768},"sp":{"value":6291664736},"esr":{"value":1442840704,"description":"(Syscall)"},"pc":{"value":6982290352},"far":{"value":0}},"frames":[{"imageOffset":2992,"symbol":"semaphore_wait_trap","symbolLocation":8,"imageIndex":26},{"imageOffset":7688,"symbol":"caulk::semaphore::timed_wait(double)","symbolLocation":224,"imageIndex":40},{"imageOffset":7344,"symbol":"caulk::concurrent::details::worker_thread::run()","symbolLocation":32,"imageIndex":40},{"imageOffset":6480,"symbol":"void* caulk::thread_proxy<std::__1::tuple<caulk::thread::attributes, void (caulk::concurrent::details::worker_thread::*)(), std::__1::tuple<caulk::concurrent::details::worker_thread*>>>(void*)","symbolLocation":96,"imageIndex":40},{"imageOffset":27656,"symbol":"_pthread_start","symbolLocation":136,"imageIndex":34},{"imageOffset":7080,"symbol":"thread_start","symbolLocation":8,"imageIndex":34}]},{"id":4305721,"name":"caulk::deferred_logger","threadState":{"x":[{"value":14},{"value":1},{"value":0},{"value":1},{"value":0},{"value":1},{"value":0},{"value":0},{"value":0},{"value":4294967295},{"value":0},{"value":0},{"value":5490180120},{"value":6292238008},{"value":65532},{"value":0},{"value":18446744073709551580},{"value":8819449592},{"value":0},{"value":49666808664},{"value":0},{"value":0},{"value":0},{"value":0},{"value":0},{"value":0},{"value":0},{"value":0},{"value":0}],"flavor":"ARM_THREAD_STATE64","lr":{"value":7190498824},"cpsr":{"value":2147483648},"fp":{"value":6292238208},"sp":{"value":6292238176},"esr":{"value":1442840704,"description":"(Syscall)"},"pc":{"value":6982290352},"far":{"value":0}},"frames":[{"imageOffset":2992,"symbol":"semaphore_wait_trap","symbolLocation":8,"imageIndex":26},{"imageOffset":7688,"symbol":"caulk::semaphore::timed_wait(double)","symbolLocation":224,"imageIndex":40},{"imageOffset":7344,"symbol":"caulk::concurrent::details::worker_thread::run()","symbolLocation":32,"imageIndex":40},{"imageOffset":6480,"symbol":"void* caulk::thread_proxy<std::__1::tuple<caulk::thread::attributes, void (caulk::concurrent::details::worker_thread::*)(), std::__1::tuple<caulk::concurrent::details::worker_thread*>>>(void*)","symbolLocation":96,"imageIndex":40},{"imageOffset":27656,"symbol":"_pthread_start","symbolLocation":136,"imageIndex":34},{"imageOffset":7080,"symbol":"thread_start","symbolLocation":8,"imageIndex":34}]},{"id":4305748,"frames":[{"imageOffset":17656,"symbol":"__psynch_cvwait","symbolLocation":8,"imageIndex":26},{"imageOffset":28892,"symbol":"_pthread_cond_wait","symbolLocation":984,"imageIndex":34},{"imageOffset":135884,"imageIndex":4},{"imageOffset":18768,"imageIndex":4},{"imageOffset":20064,"imageIndex":4},{"imageOffset":19832,"imageIndex":4},{"imageOffset":134604,"imageIndex":4},{"imageOffset":27656,"symbol":"_pthread_start","symbolLocation":136,"imageIndex":34},{"imageOffset":7080,"symbol":"thread_start","symbolLocation":8,"imageIndex":34}],"threadState":{"x":[{"value":260},{"value":0},{"value":185600},{"value":0},{"value":0},{"value":160},{"value":0},{"value":0},{"value":6324514408},{"value":0},{"value":0},{"value":2},{"value":2},{"value":0},{"value":0},{"value":0},{"value":305},{"value":8819445208},{"value":0},{"value":498240092528},{"value":498240092592},{"value":6324515040},{"value":0},{"value":0},{"value":185600},{"value":185601},{"value":185856},{"value":0},{"value":0}],"flavor":"ARM_THREAD_STATE64","lr":{"value":6982566108},"cpsr":{"value":1610612736},"fp":{"value":6324514528},"sp":{"value":6324514384},"esr":{"value":1442840704,"description":"(Syscall)"},"pc":{"value":6982305016},"far":{"value":0}}},{"id":4305749,"frames":[{"imageOffset":17656,"symbol":"__psynch_cvwait","symbolLocation":8,"imageIndex":26},{"imageOffset":28892,"symbol":"_pthread_cond_wait","symbolLocation":984,"imageIndex":34},{"imageOffset":135884,"imageIndex":4},{"imageOffset":18768,"imageIndex":4},{"imageOffset":20064,"imageIndex":4},{"imageOffset":19832,"imageIndex":4},{"imageOffset":134604,"imageIndex":4},{"imageOffset":27656,"symbol":"_pthread_start","symbolLocation":136,"imageIndex":34},{"imageOffset":7080,"symbol":"thread_start","symbolLocation":8,"imageIndex":34}],"threadState":{"x":[{"value":260},{"value":0},{"value":185600},{"value":0},{"value":0},{"value":160},{"value":0},{"value":0},{"value":6324661864},{"value":0},{"value":0},{"value":2},{"value":2},{"value":0},{"value":0},{"value":0},{"value":305},{"value":8819445208},{"value":0},{"value":498227751600},{"value":498227751664},{"value":6324662496},{"value":0},{"value":0},{"value":185600},{"value":185601},{"value":185856},{"value":0},{"value":0}],"flavor":"ARM_THREAD_STATE64","lr":{"value":6982566108},"cpsr":{"value":1610612736},"fp":{"value":6324661984},"sp":{"value":6324661840},"esr":{"value":1442840704,"description":"(Syscall)"},"pc":{"value":6982305016},"far":{"value":0}}},{"id":4305790,"frames":[],"threadState":{"x":[{"value":6390607872},{"value":259379},{"value":6390071296},{"value":0},{"value":409604},{"value":18446744073709551615},{"value":0},{"value":0},{"value":0},{"value":0},{"value":0},{"value":0},{"value":0},{"value":0},{"value":0},{"value":0},{"value":0},{"value":0},{"value":0},{"value":0},{"value":0},{"value":0},{"value":0},{"value":0},{"value":0},{"value":0},{"value":0},{"value":0},{"value":0}],"flavor":"ARM_THREAD_STATE64","lr":{"value":0},"cpsr":{"value":0},"fp":{"value":0},"sp":{"value":6390607872},"esr":{"value":1442840704,"description":"(Syscall)"},"pc":{"value":6982544276},"far":{"value":0}}},{"id":4305791,"frames":[],"threadState":{"x":[{"value":6391787520},{"value":259087},{"value":6391250944},{"value":0},{"value":409604},{"value":18446744073709551615},{"value":0},{"value":0},{"value":0},{"value":0},{"value":0},{"value":0},{"value":0},{"value":0},{"value":0},{"value":0},{"value":0},{"value":0},{"value":0},{"value":0},{"value":0},{"value":0},{"value":0},{"value":0},{"value":0},{"value":0},{"value":0},{"value":0},{"value":0}],"flavor":"ARM_THREAD_STATE64","lr":{"value":0},"cpsr":{"value":0},"fp":{"value":0},"sp":{"value":6391787520},"esr":{"value":1442840704,"description":"(Syscall)"},"pc":{"value":6982544276},"far":{"value":0}}},{"id":4305797,"frames":[{"imageOffset":17656,"symbol":"__psynch_cvwait","symbolLocation":8,"imageIndex":26},{"imageOffset":28892,"symbol":"_pthread_cond_wait","symbolLocation":984,"imageIndex":34},{"imageOffset":135884,"imageIndex":4},{"imageOffset":53588,"imageIndex":4},{"imageOffset":134604,"imageIndex":4},{"imageOffset":27656,"symbol":"_pthread_start","symbolLocation":136,"imageIndex":34},{"imageOffset":7080,"symbol":"thread_start","symbolLocation":8,"imageIndex":34}],"threadState":{"x":[{"value":260},{"value":0},{"value":186112},{"value":0},{"value":0},{"value":160},{"value":0},{"value":0},{"value":6302805640},{"value":0},{"value":0},{"value":2},{"value":2},{"value":0},{"value":0},{"value":0},{"value":305},{"value":8819445208},{"value":0},{"value":4523952352},{"value":4523952416},{"value":6302806240},{"value":0},{"value":0},{"value":186112},{"value":186113},{"value":186368},{"value":4523950080},{"value":4523950080}],"flavor":"ARM_THREAD_STATE64","lr":{"value":6982566108},"cpsr":{"value":1610612736},"fp":{"value":6302805760},"sp":{"value":6302805616},"esr":{"value":1442840704,"description":"(Syscall)"},"pc":{"value":6982305016},"far":{"value":0}}},{"id":4305832,"name":"ausm_messenger_for_buffer_disposal","threadState":{"x":[{"value":14},{"value":24159768739},{"value":0},{"value":24115146867},{"value":24159768704},{"value":34},{"value":0},{"value":0},{"value":0},{"value":4294967295},{"value":0},{"value":0},{"value":0},{"value":0},{"value":0},{"value":0},{"value":18446744073709551580},{"value":8819449592},{"value":0},{"value":49657550584},{"value":0},{"value":0},{"value":0},{"value":0},{"value":0},{"value":0},{"value":0},{"value":0},{"value":0}],"flavor":"ARM_THREAD_STATE64","lr":{"value":7190498824},"cpsr":{"value":2147483648},"fp":{"value":24115146624},"sp":{"value":24115146592},"esr":{"value":1442840704,"description":"(Syscall)"},"pc":{"value":6982290352},"far":{"value":0}},"frames":[{"imageOffset":2992,"symbol":"semaphore_wait_trap","symbolLocation":8,"imageIndex":26},{"imageOffset":7688,"symbol":"caulk::semaphore::timed_wait(double)","symbolLocation":224,"imageIndex":40},{"imageOffset":7344,"symbol":"caulk::concurrent::details::worker_thread::run()","symbolLocation":32,"imageIndex":40},{"imageOffset":6480,"symbol":"void* caulk::thread_proxy<std::__1::tuple<caulk::thread::attributes, void (caulk::concurrent::details::worker_thread::*)(), std::__1::tuple<caulk::concurrent::details::worker_thread*>>>(void*)","symbolLocation":96,"imageIndex":40},{"imageOffset":27656,"symbol":"_pthread_start","symbolLocation":136,"imageIndex":34},{"imageOffset":7080,"symbol":"thread_start","symbolLocation":8,"imageIndex":34}]},{"id":4305845,"frames":[],"threadState":{"x":[{"value":6394834944},{"value":0},{"value":6394298368},{"value":0},{"value":278532},{"value":18446744073709551615},{"value":0},{"value":0},{"value":0},{"value":0},{"value":0},{"value":0},{"value":0},{"value":0},{"value":0},{"value":0},{"value":0},{"value":0},{"value":0},{"value":0},{"value":0},{"value":0},{"value":0},{"value":0},{"value":0},{"value":0},{"value":0},{"value":0},{"value":0}],"flavor":"ARM_THREAD_STATE64","lr":{"value":0},"cpsr":{"value":0},"fp":{"value":0},"sp":{"value":6394834944},"esr":{"value":0},"pc":{"value":6982544276},"far":{"value":0}}},{"id":4305846,"frames":[],"threadState":{"x":[{"value":6395408384},{"value":0},{"value":6394871808},{"value":0},{"value":278532},{"value":18446744073709551615},{"value":0},{"value":0},{"value":0},{"value":0},{"value":0},{"value":0},{"value":0},{"value":0},{"value":0},{"value":0},{"value":0},{"value":0},{"value":0},{"value":0},{"value":0},{"value":0},{"value":0},{"value":0},{"value":0},{"value":0},{"value":0},{"value":0},{"value":0}],"flavor":"ARM_THREAD_STATE64","lr":{"value":0},"cpsr":{"value":0},"fp":{"value":0},"sp":{"value":6395408384},"esr":{"value":0},"pc":{"value":6982544276},"far":{"value":0}}},{"id":4305847,"frames":[],"threadState":{"x":[{"value":6395981824},{"value":0},{"value":6395445248},{"value":0},{"value":278532},{"value":18446744073709551615},{"value":0},{"value":0},{"value":0},{"value":0},{"value":0},{"value":0},{"value":0},{"value":0},{"value":0},{"value":0},{"value":0},{"value":0},{"value":0},{"value":0},{"value":0},{"value":0},{"value":0},{"value":0},{"value":0},{"value":0},{"value":0},{"value":0},{"value":0}],"flavor":"ARM_THREAD_STATE64","lr":{"value":0},"cpsr":{"value":0},"fp":{"value":0},"sp":{"value":6395981824},"esr":{"value":0},"pc":{"value":6982544276},"far":{"value":0}}},{"id":4305848,"name":"adc_headtracker_messenger_for_bt_llm_update","threadState":{"x":[{"value":14},{"value":1},{"value":0},{"value":1},{"value":0},{"value":1},{"value":0},{"value":0},{"value":0},{"value":4294967295},{"value":0},{"value":0},{"value":5490180120},{"value":6396554840},{"value":28},{"value":0},{"value":18446744073709551580},{"value":8819449592},{"value":0},{"value":49657551256},{"value":0},{"value":0},{"value":0},{"value":0},{"value":0},{"value":0},{"value":0},{"value":0},{"value":0}],"flavor":"ARM_THREAD_STATE64","lr":{"value":7190498824},"cpsr":{"value":2147483648},"fp":{"value":6396555136},"sp":{"value":6396555104},"esr":{"value":1442840704,"description":"(Syscall)"},"pc":{"value":6982290352},"far":{"value":0}},"frames":[{"imageOffset":2992,"symbol":"semaphore_wait_trap","symbolLocation":8,"imageIndex":26},{"imageOffset":7688,"symbol":"caulk::semaphore::timed_wait(double)","symbolLocation":224,"imageIndex":40},{"imageOffset":7344,"symbol":"caulk::concurrent::details::worker_thread::run()","symbolLocation":32,"imageIndex":40},{"imageOffset":6480,"symbol":"void* caulk::thread_proxy<std::__1::tuple<caulk::thread::attributes, void (caulk::concurrent::details::worker_thread::*)(), std::__1::tuple<caulk::concurrent::details::worker_thread*>>>(void*)","symbolLocation":96,"imageIndex":40},{"imageOffset":27656,"symbol":"_pthread_start","symbolLocation":136,"imageIndex":34},{"imageOffset":7080,"symbol":"thread_start","symbolLocation":8,"imageIndex":34}]},{"id":4305857,"name":"com.apple.audio.IOThread.client","threadState":{"x":[{"value":0},{"value":198419},{"value":0},{"value":0},{"value":0},{"value":32},{"value":6292302176},{"value":0},{"value":1},{"value":8079105807288959156},{"value":3298534884096},{"value":3298534884098},{"value":48},{"value":49710269136},{"value":2},{"value":18446744073709551615},{"value":18446744073709551579},{"value":8819449600},{"value":0},{"value":49695824696},{"value":49695824688},{"value":49695824720},{"value":1},{"value":49642764352},{"value":2057},{"value":0},{"value":7041389797},{"value":49695824688},{"value":49695823872}],"flavor":"ARM_THREAD_STATE64","lr":{"value":7190618028},"cpsr":{"value":1610612736},"fp":{"value":6397127936},"sp":{"value":6397127920},"esr":{"value":1442840704,"description":"(Syscall)"},"pc":{"value":6982290364},"far":{"value":0}},"frames":[{"imageOffset":3004,"symbol":"semaphore_wait_signal_trap","symbolLocation":8,"imageIndex":26},{"imageOffset":126892,"symbol":"caulk::mach::semaphore::wait_signal_or_error(caulk::mach::semaphore&)","symbolLocation":36,"imageIndex":40},{"imageOffset":2135756,"symbol":"HALC_ProxyIOContext::IOWorkLoop()","symbolLocation":5052,"imageIndex":41},{"imageOffset":2129000,"symbol":"invocation function for block in HALC_ProxyIOContext::HALC_ProxyIOContext(unsigned int, unsigned int)","symbolLocation":172,"imageIndex":41},{"imageOffset":3985164,"symbol":"HALC_IOThread::Entry(void*)","symbolLocation":88,"imageIndex":41},{"imageOffset":27656,"symbol":"_pthread_start","symbolLocation":136,"imageIndex":34},{"imageOffset":7080,"symbol":"thread_start","symbolLocation":8,"imageIndex":34}]},{"id":4306041,"name":"ANEServicesThread","threadState":{"x":[{"value":268451845},{"value":21592279046},{"value":8589934592},{"value":1125912791744512},{"value":0},{"value":1125912791744512},{"value":2},{"value":4294967295},{"value":0},{"value":17179869184},{"value":0},{"value":2},{"value":0},{"value":0},{"value":262147},{"value":0},{"value":18446744073709551569},{"value":8819447088},{"value":0},{"value":4294967295},{"value":2},{"value":1125912791744512},{"value":0},{"value":1125912791744512},{"value":23827243080},{"value":8589934592},{"value":21592279046},{"value":18446744073709550527},{"value":4412409862}],"flavor":"ARM_THREAD_STATE64","lr":{"value":6982365224},"cpsr":{"value":0},"fp":{"value":23827242928},"sp":{"value":23827242848},"esr":{"value":1442840704,"description":"(Syscall)"},"pc":{"value":6982290484},"far":{"value":0}},"frames":[{"imageOffset":3124,"symbol":"mach_msg2_trap","symbolLocation":8,"imageIndex":26},{"imageOffset":77864,"symbol":"mach_msg2_internal","symbolLocation":76,"imageIndex":26},{"imageOffset":39308,"symbol":"mach_msg_overwrite","symbolLocation":484,"imageIndex":26},{"imageOffset":4020,"symbol":"mach_msg","symbolLocation":24,"imageIndex":26},{"imageOffset":392112,"symbol":"__CFRunLoopServiceMachPort","symbolLocation":160,"imageIndex":36},{"imageOffset":386312,"symbol":"__CFRunLoopRun","symbolLocation":1188,"imageIndex":36},{"imageOffset":1150780,"symbol":"_CFRunLoopRunSpecificWithOptions","symbolLocation":532,"imageIndex":36},{"imageOffset":727632,"symbol":"CFRunLoopRun","symbolLocation":64,"imageIndex":36},{"imageOffset":144360,"symbol":"ANE::ANEServicesThreadStart(ANE::ANEServicesThreadParams*)","symbolLocation":152,"imageIndex":42},{"imageOffset":27656,"symbol":"_pthread_start","symbolLocation":136,"imageIndex":34},{"imageOffset":7080,"symbol":"thread_start","symbolLocation":8,"imageIndex":34}]}],
  "usedImages" : [
  {
    "source" : "P",
    "arch" : "arm64",
    "base" : 4342513664,
    "CFBundleShortVersionString" : "2.3.1",
    "CFBundleIdentifier" : "com.cdprojektred.cyberpunk.steam",
    "size" : 115212288,
    "uuid" : "a6656adc-fbe2-36a4-9b9d-b4a9de645089",
    "path" : "\/Users\/USER\/Library\/Application Support\/Steam\/*\/Cyberpunk2077.app\/Contents\/MacOS\/Cyberpunk2077",
    "name" : "Cyberpunk2077",
    "CFBundleVersion" : "5314028"
  },
  {
    "source" : "P",
    "arch" : "arm64",
    "base" : 4539383808,
    "size" : 8634368,
    "uuid" : "32e55c31-317e-37bd-a266-df9e40e34014",
    "path" : "\/Users\/USER\/*\/RED4ext.dylib",
    "name" : "RED4ext.dylib"
  },
  {
    "source" : "P",
    "arch" : "arm64",
    "base" : 4522983424,
    "size" : 16384,
    "uuid" : "f95c2aa6-029c-3628-b2dd-d7e65e91b493",
    "path" : "\/Users\/USER\/Library\/Application Support\/Steam\/*\/Cyberpunk2077.app\/Contents\/Frameworks\/libGameServicesSteam.dylib",
    "name" : "libGameServicesSteam.dylib"
  },
  {
    "source" : "P",
    "arch" : "arm64",
    "base" : 4523507712,
    "size" : 49152,
    "uuid" : "acce0637-6602-3acf-890c-c33a8756ce23",
    "path" : "\/Users\/USER\/Library\/Application Support\/Steam\/*\/Cyberpunk2077.app\/Contents\/Frameworks\/libsteam_api.dylib",
    "name" : "libsteam_api.dylib"
  },
  {
    "source" : "P",
    "arch" : "arm64",
    "base" : 4523720704,
    "size" : 212992,
    "uuid" : "15659c8d-63b8-3354-a1df-170479d8ac17",
    "path" : "\/Users\/USER\/Library\/Application Support\/Steam\/*\/Cyberpunk2077.app\/Contents\/Frameworks\/libBink2MacArm64.dylib",
    "name" : "libBink2MacArm64.dylib"
  },
  {
    "source" : "P",
    "arch" : "arm64",
    "base" : 4588716032,
    "size" : 13074432,
    "uuid" : "eec1b3c2-3700-362d-abfd-de631c1c705b",
    "path" : "\/Users\/USER\/Library\/Application Support\/Steam\/*\/Cyberpunk2077.app\/Contents\/Frameworks\/libREDGalaxy64.dylib",
    "name" : "libREDGalaxy64.dylib"
  },
  {
    "source" : "P",
    "arch" : "arm64",
    "base" : 4551278592,
    "size" : 786432,
    "uuid" : "f484a0fa-99ac-3631-a731-a4f6a24d8d63",
    "path" : "\/Users\/USER\/Library\/Application Support\/Steam\/*\/TweakXL.dylib",
    "name" : "TweakXL.dylib"
  },
  {
    "source" : "P",
    "arch" : "arm64",
    "base" : 4525047808,
    "size" : 163840,
    "uuid" : "ac1062ea-1feb-3358-96c4-a451bb12cd4f",
    "path" : "\/opt\/homebrew\/*\/libspdlog.1.16.0.dylib",
    "name" : "libspdlog.1.16.0.dylib"
  },
  {
    "source" : "P",
    "arch" : "arm64",
    "base" : 4525506560,
    "size" : 147456,
    "uuid" : "9e568be0-77f5-3035-99e1-26bf5fa5029c",
    "path" : "\/opt\/homebrew\/*\/libyaml-cpp.0.8.0.dylib",
    "name" : "libyaml-cpp.0.8.0.dylib"
  },
  {
    "source" : "P",
    "arch" : "arm64",
    "base" : 4524179456,
    "size" : 81920,
    "uuid" : "52690c9c-fca8-3d02-bf7e-8d61bfcaf455",
    "path" : "\/opt\/homebrew\/*\/libfmt.12.1.0.dylib",
    "name" : "libfmt.12.1.0.dylib"
  },
  {
    "source" : "P",
    "arch" : "arm64",
    "base" : 4524359680,
    "size" : 65536,
    "uuid" : "ed4b81bf-c4ce-3c61-8157-915bf7a1563d",
    "path" : "\/Users\/USER\/Library\/Application Support\/Steam\/*\/MetalFXDenoiser.dylib",
    "name" : "MetalFXDenoiser.dylib"
  },
  {
    "source" : "P",
    "arch" : "arm64",
    "base" : 4525834240,
    "size" : 49152,
    "uuid" : "99d72433-f078-383d-a2f6-c048484a303b",
    "path" : "\/Users\/USER\/Library\/Application Support\/Steam\/*\/MetalFXDenoiserCore.dylib",
    "name" : "MetalFXDenoiserCore.dylib"
  },
  {
    "source" : "P",
    "arch" : "arm64e",
    "base" : 4871815168,
    "CFBundleShortVersionString" : "345.20.1",
    "CFBundleIdentifier" : "com.apple.AGXMetalG16X",
    "size" : 8617984,
    "uuid" : "8b0fb008-8e01-3344-b5a4-5c871469004e",
    "path" : "\/System\/Library\/Extensions\/AGXMetalG16X.bundle\/Contents\/MacOS\/AGXMetalG16X",
    "name" : "AGXMetalG16X",
    "CFBundleVersion" : "345.20.1"
  },
  {
    "source" : "P",
    "arch" : "arm64",
    "base" : 4538580992,
    "size" : 81920,
    "uuid" : "cdaf0f81-455c-3752-b527-0fd75bc81cb5",
    "path" : "\/Users\/USER\/Library\/Application Support\/Steam\/*\/ModMenu.dylib",
    "name" : "ModMenu.dylib"
  },
  {
    "source" : "P",
    "arch" : "arm64",
    "base" : 4539056128,
    "size" : 114688,
    "uuid" : "bb1ba67c-8ebe-349b-87ff-3ec5cec6e8e4",
    "path" : "\/Users\/USER\/Library\/Application Support\/Steam\/*\/libmacos_smoke_test.dylib",
    "name" : "libmacos_smoke_test.dylib"
  },
  {
    "source" : "P",
    "arch" : "arm64",
    "base" : 4847484928,
    "size" : 1507328,
    "uuid" : "61ce6be4-d126-386b-8c5e-00ccb47ea843",
    "path" : "\/Users\/USER\/Library\/Application Support\/Steam\/*\/ArchiveXL.dylib",
    "name" : "ArchiveXL.dylib"
  },
  {
    "source" : "P",
    "arch" : "arm64e",
    "base" : 4587700224,
    "size" : 49152,
    "uuid" : "f26af954-d1f7-31aa-9981-1bad216149d9",
    "path" : "\/usr\/lib\/libobjc-trampolines.dylib",
    "name" : "libobjc-trampolines.dylib"
  },
  {
    "source" : "P",
    "arch" : "arm64",
    "base" : 5719949312,
    "size" : 24461312,
    "uuid" : "8688a6ef-bbfc-3cf7-b5e2-56badb4a634b",
    "path" : "\/Users\/USER\/Library\/Application Support\/Steam\/*\/steamclient.dylib",
    "name" : "steamclient.dylib"
  },
  {
    "source" : "P",
    "arch" : "arm64",
    "base" : 5482610688,
    "size" : 114688,
    "uuid" : "1a1f6a64-fd28-3218-909c-89647395b501",
    "path" : "\/Users\/USER\/Library\/Application Support\/Steam\/*\/libtier0_s.dylib",
    "name" : "libtier0_s.dylib"
  },
  {
    "source" : "P",
    "arch" : "arm64",
    "base" : 5483397120,
    "size" : 196608,
    "uuid" : "5ba235bf-ec59-3b75-a5a6-ff07b5460d74",
    "path" : "\/Users\/USER\/Library\/Application Support\/Steam\/*\/libvstdlib_s.dylib",
    "name" : "libvstdlib_s.dylib"
  },
  {
    "source" : "P",
    "arch" : "arm64",
    "base" : 4588568576,
    "size" : 65536,
    "uuid" : "ea16083c-391b-349a-8fe8-ad557cbfd559",
    "path" : "\/Users\/USER\/Library\/Application Support\/Steam\/*\/libaudio.dylib",
    "name" : "libaudio.dylib"
  },
  {
    "source" : "P",
    "arch" : "arm64",
    "base" : 4697407488,
    "size" : 98304,
    "uuid" : "4c4cde13-c541-3f7a-b1a4-86b5d970c09c",
    "path" : "\/Users\/USER\/Library\/Application Support\/Steam\/*\/crashhandler.dylib",
    "name" : "crashhandler.dylib"
  },
  {
    "source" : "P",
    "arch" : "arm64",
    "base" : 5482840064,
    "CFBundleIdentifier" : "com.googlecode.google-breakpad",
    "size" : 32768,
    "uuid" : "eb859872-955a-315d-9ce1-87fb57f7c4cd",
    "path" : "\/Users\/USER\/Library\/Application Support\/Steam\/*\/Breakpad.framework\/Versions\/A\/Breakpad",
    "name" : "Breakpad",
    "CFBundleVersion" : "1.0"
  },
  {
    "source" : "P",
    "arch" : "arm64",
    "base" : 5482168320,
    "size" : 65536,
    "uuid" : "f81b68a1-e8e8-3f7c-8e42-be3c57699fc9",
    "path" : "\/Users\/USER\/Library\/Application Support\/Steam\/*\/Breakpad.framework\/Versions\/A\/Resources\/breakpadUtilities.dylib",
    "name" : "breakpadUtilities.dylib"
  },
  {
    "source" : "P",
    "arch" : "arm64e",
    "base" : 5493374976,
    "CFBundleShortVersionString" : "1.14",
    "CFBundleIdentifier" : "com.apple.audio.units.Components",
    "size" : 1327104,
    "uuid" : "d45108c2-3250-3f9a-a1e3-a3c31f3c0d59",
    "path" : "\/System\/Library\/Components\/CoreAudio.component\/Contents\/MacOS\/CoreAudio",
    "name" : "CoreAudio",
    "CFBundleVersion" : "1.14"
  },
  {
    "source" : "P",
    "arch" : "arm64e",
    "base" : 24071700480,
    "CFBundleShortVersionString" : "1.0",
    "CFBundleIdentifier" : "com.apple.audio.AudioDSPComponents",
    "size" : 7880704,
    "uuid" : "60ab55ea-bc59-305a-abb7-9acce478851a",
    "path" : "\/System\/Library\/Components\/AudioDSP.component\/Contents\/MacOS\/AudioDSP",
    "name" : "AudioDSP",
    "CFBundleVersion" : "1"
  },
  {
    "source" : "P",
    "arch" : "arm64e",
    "base" : 6982287360,
    "size" : 246960,
    "uuid" : "feaf3627-e3c3-3ade-a910-3583f8d96c4b",
    "path" : "\/usr\/lib\/system\/libsystem_kernel.dylib",
    "name" : "libsystem_kernel.dylib"
  },
  {
    "source" : "P",
    "arch" : "arm64e",
    "base" : 6982590464,
    "size" : 33968,
    "uuid" : "62c9cd37-272d-3d2d-9a1c-6f4ef24f7ec7",
    "path" : "\/usr\/lib\/system\/libsystem_platform.dylib",
    "name" : "libsystem_platform.dylib"
  },
  {
    "source" : "P",
    "arch" : "arm64e",
    "base" : 6978555904,
    "size" : 653080,
    "uuid" : "c0e2cc0c-71f1-3a63-9d9f-3afebbcb2b7c",
    "path" : "\/usr\/lib\/dyld",
    "name" : "dyld"
  },
  {
    "size" : 0,
    "source" : "A",
    "base" : 0,
    "uuid" : "00000000-0000-0000-0000-000000000000"
  },
  {
    "source" : "P",
    "arch" : "arm64e",
    "base" : 7053074432,
    "CFBundleShortVersionString" : "2.0.2",
    "CFBundleIdentifier" : "com.apple.framework.IOKit",
    "size" : 959808,
    "uuid" : "c576139d-1161-3a4c-bf12-62c44f11cb97",
    "path" : "\/System\/Library\/Frameworks\/IOKit.framework\/Versions\/A\/IOKit",
    "name" : "IOKit"
  },
  {
    "source" : "P",
    "arch" : "arm64e",
    "base" : 7595782144,
    "CFBundleShortVersionString" : "129.3.2",
    "CFBundleIdentifier" : "com.apple.IOGPU",
    "size" : 332288,
    "uuid" : "bc63703e-6494-39d3-acbc-55ff90d2dc08",
    "path" : "\/System\/Library\/PrivateFrameworks\/IOGPU.framework\/Versions\/A\/IOGPU",
    "name" : "IOGPU",
    "CFBundleVersion" : "129.3.2"
  },
  {
    "source" : "P",
    "arch" : "arm64e",
    "base" : 7187460096,
    "CFBundleShortVersionString" : "371.5",
    "CFBundleIdentifier" : "com.apple.Metal",
    "size" : 3029824,
    "uuid" : "26fd60db-88cd-382e-b6f2-fb09079eec04",
    "path" : "\/System\/Library\/Frameworks\/Metal.framework\/Versions\/A\/Metal",
    "name" : "Metal",
    "CFBundleVersion" : "371.5"
  },
  {
    "source" : "P",
    "arch" : "arm64e",
    "base" : 6980734976,
    "size" : 290400,
    "uuid" : "4c58ab31-f363-3e75-a8f8-302105812dbf",
    "path" : "\/usr\/lib\/system\/libdispatch.dylib",
    "name" : "libdispatch.dylib"
  },
  {
    "source" : "P",
    "arch" : "arm64e",
    "base" : 6982537216,
    "size" : 51916,
    "uuid" : "94ae8744-d3ab-3817-8bc8-ca92fd7b3714",
    "path" : "\/usr\/lib\/system\/libsystem_pthread.dylib",
    "name" : "libsystem_pthread.dylib"
  },
  {
    "source" : "P",
    "arch" : "arm64e",
    "base" : 9803100160,
    "CFBundleShortVersionString" : "31.7.1",
    "CFBundleIdentifier" : "com.apple.MetalFX",
    "size" : 466720,
    "uuid" : "9bbb1097-7f9f-3e90-acc9-c4f465622083",
    "path" : "\/System\/Library\/Frameworks\/MetalFX.framework\/Versions\/A\/MetalFX",
    "name" : "MetalFX",
    "CFBundleVersion" : "31.7.1"
  },
  {
    "source" : "P",
    "arch" : "arm64e",
    "base" : 6982823936,
    "CFBundleShortVersionString" : "6.9",
    "CFBundleIdentifier" : "com.apple.CoreFoundation",
    "size" : 5542592,
    "uuid" : "583cc1fa-e47d-312d-b6ad-be436b64bb4e",
    "path" : "\/System\/Library\/Frameworks\/CoreFoundation.framework\/Versions\/A\/CoreFoundation",
    "name" : "CoreFoundation",
    "CFBundleVersion" : "4302"
  },
  {
    "source" : "P",
    "arch" : "arm64e",
    "base" : 7054487552,
    "CFBundleShortVersionString" : "6.9",
    "CFBundleIdentifier" : "com.apple.AppKit",
    "size" : 24296416,
    "uuid" : "3e1c4ad8-e9ab-34f0-b04a-4bada73d3533",
    "path" : "\/System\/Library\/Frameworks\/AppKit.framework\/Versions\/C\/AppKit",
    "name" : "AppKit",
    "CFBundleVersion" : "2685.40.106"
  },
  {
    "source" : "P",
    "arch" : "arm64e",
    "base" : 6981574656,
    "size" : 601764,
    "uuid" : "d10545df-e701-3e2c-89b3-b304357ef08c",
    "path" : "\/usr\/lib\/libc++.1.dylib",
    "name" : "libc++.1.dylib"
  },
  {
    "source" : "P",
    "arch" : "arm64e",
    "base" : 6981038080,
    "size" : 532552,
    "uuid" : "eb569350-0696-3397-838e-0344948107c0",
    "path" : "\/usr\/lib\/system\/libsystem_c.dylib",
    "name" : "libsystem_c.dylib"
  },
  {
    "source" : "P",
    "arch" : "arm64e",
    "base" : 7190491136,
    "CFBundleShortVersionString" : "1.0",
    "CFBundleIdentifier" : "com.apple.audio.caulk",
    "size" : 167296,
    "uuid" : "67d6bcc2-f024-388e-b546-b1c2fe6f0ddc",
    "path" : "\/System\/Library\/PrivateFrameworks\/caulk.framework\/Versions\/A\/caulk",
    "name" : "caulk"
  },
  {
    "source" : "P",
    "arch" : "arm64e",
    "base" : 7034007552,
    "CFBundleShortVersionString" : "5.0",
    "CFBundleIdentifier" : "com.apple.audio.CoreAudio",
    "size" : 8065952,
    "uuid" : "57c69a6e-f5cb-3e83-b800-338265d5d82c",
    "path" : "\/System\/Library\/Frameworks\/CoreAudio.framework\/Versions\/A\/CoreAudio",
    "name" : "CoreAudio",
    "CFBundleVersion" : "5.0"
  },
  {
    "source" : "P",
    "arch" : "arm64e",
    "base" : 7480283136,
    "CFBundleShortVersionString" : "9.300",
    "CFBundleIdentifier" : "com.apple.ANEServices",
    "size" : 205568,
    "uuid" : "05d8cf4d-12cb-3f37-825c-abb7770e6ece",
    "path" : "\/System\/Library\/PrivateFrameworks\/ANEServices.framework\/Versions\/A\/ANEServices",
    "name" : "ANEServices",
    "CFBundleVersion" : "9.300"
  }
],
  "sharedCache" : {
  "base" : 6977470464,
  "size" : 5818155008,
  "uuid" : "cdee601f-d4be-3823-8ef4-d01f0feebf74"
},
  "legacyInfo" : {
  "threadTriggered" : {
    "name" : "redDispatcher12"
  }
},
  "logWritingSignature" : "e88a618b3ce9042339dc46d6132b6ff5730215a8",
  "roots_installed" : 0,
  "bug_type" : "309",
  "trmStatus" : 1,
  "trialInfo" : {
  "rollouts" : [
    {
      "rolloutId" : "64b1b9b57b7a217c6795f565",
      "factorPackIds" : [
        "64b1b9e69aa41116c95f6d9c"
      ],
      "deploymentId" : 250000003
    },
    {
      "rolloutId" : "67648e5334a82511f4acf879",
      "factorPackIds" : [

      ],
      "deploymentId" : 250000003
    }
  ],
  "experiments" : [

  ]
}
}

