-------------------------------------
Translated Report (Full Report Below)
-------------------------------------
Process:             Cyberpunk2077 [69620]
Path:                /Users/USER/Library/Application Support/Steam/*/Cyberpunk2077.app/Contents/MacOS/Cyberpunk2077
Identifier:          com.cdprojektred.cyberpunk.steam
Version:             2.3.1 (5314028)
Code Type:           ARM-64 (Native)
Role:                Foreground
Parent Process:      Exited process [69618]
Coalition:           com.todesktop.230313mzl4w4u92 [1193]
Responsible Process: Cursor [3309]
User ID:             501

Date/Time:           2026-02-01 19:00:00.2052 -0800
Launch Time:         2026-02-01 18:58:42.7930 -0800
Hardware Model:      Mac16,5
OS Version:          macOS 26.3 (25D5112c)
Release Type:        User

Crash Reporter Key:  0CCA579A-01B6-06F1-D447-87166E5A294F
Incident Identifier: E109CB06-C12C-4D75-83E2-2499BF7F6C3D

Sleep/Wake UUID:       4DD441C0-6CF1-4E9C-9CE7-6025992C611B

Time Awake Since Boot: 85000 seconds
Time Since Wake:       34186 seconds

System Integrity Protection: enabled

Triggered by Thread: 21  redDispatcher15

Exception Type:    EXC_BAD_ACCESS (SIGSEGV)
Exception Subtype: KERN_INVALID_ADDRESS at 0x9100c3ffa9414ff4
Exception Codes:   0x0000000000000001, 0x9100c3ffa9414ff4

Termination Reason:  Namespace SIGNAL, Code 11, Segmentation fault: 11
Terminating Process: exc handler [69620]


VM Region Info: 0x43ffa9414ff4 is not in any region.  
      REGION TYPE                    START - END         [ VSIZE] PRT/MAX SHRMOD  REGION DETAIL
      UNUSED SPACE AT START
--->  
      UNUSED SPACE AT END

Thread 0:: GameThread Dispatch queue: com.apple.main-thread
0   libsystem_kernel.dylib        	       0x1a02e2c74 __ulock_wait2 + 8
1   libsystem_platform.dylib      	       0x1a03246ac os_sync_wait_on_address + 104
2   Cyberpunk2077                 	       0x1019008e8 0x100f28000 + 10324200
3   Cyberpunk2077                 	       0x1019009d8 0x100f28000 + 10324440
4   Cyberpunk2077                 	       0x104e9f9dc 0x100f28000 + 66550236
5   Cyberpunk2077                 	       0x104e3d260 0x100f28000 + 66146912
6   Cyberpunk2077                 	       0x104e3cd44 0x100f28000 + 66145604
7   Cyberpunk2077                 	       0x104e4a858 0x100f28000 + 66201688
8   Cyberpunk2077                 	       0x104cc1bcc 0x100f28000 + 64592844
9   Cyberpunk2077                 	       0x104cc1608 0x100f28000 + 64591368
10  Cyberpunk2077                 	       0x104cb5844 0x100f28000 + 64542788
11  Cyberpunk2077                 	       0x104cb3168 0x100f28000 + 64532840
12  Cyberpunk2077                 	       0x100f59f58 0x100f28000 + 204632
13  Cyberpunk2077                 	       0x100f59e78 0x100f28000 + 204408
14  dyld                          	       0x19ff4dd54 start + 7184

Thread 1:

Thread 2::  Dispatch queue: com.Metal.CommandQueueDispatch
0   libsystem_kernel.dylib        	       0x1a02d4c34 mach_msg2_trap + 8
1   libsystem_kernel.dylib        	       0x1a02e7028 mach_msg2_internal + 76
2   IOKit                         	       0x1a4658ff4 io_connect_method + 520
3   IOKit                         	       0x1a4658d84 IOConnectCallMethod + 176
4   IOGPU                         	       0x1c4c0415c IOGPUCommandQueueSubmitCommandBuffers + 268
5   IOGPU                         	       0x1c4becba8 -[IOGPUMetalCommandQueue _submitCommandBuffers:count:] + 364
6   IOGPU                         	       0x1c4beca10 -[IOGPUMetalCommandQueue submitCommandBuffers:count:] + 72
7   Metal                         	       0x1ac694d48 -[_MTLCommandQueue _submitAvailableCommandBuffers] + 512
8   libdispatch.dylib             	       0x1a0174ad4 _dispatch_client_callout + 16
9   libdispatch.dylib             	       0x1a015f6e4 _dispatch_continuation_pop + 596
10  libdispatch.dylib             	       0x1a0172810 _dispatch_source_latch_and_call + 396
11  libdispatch.dylib             	       0x1a01714e4 _dispatch_source_invoke + 844
12  libdispatch.dylib             	       0x1a0163350 _dispatch_lane_serial_drain + 332
13  libdispatch.dylib             	       0x1a0163fc4 _dispatch_lane_invoke + 388
14  libdispatch.dylib             	       0x1a016e474 _dispatch_root_queue_drain_deferred_wlh + 292
15  libdispatch.dylib             	       0x1a016dd6c _dispatch_workloop_worker_thread + 692
16  libsystem_pthread.dylib       	       0x1a0313e4c _pthread_wqthread + 292
17  libsystem_pthread.dylib       	       0x1a0312b9c start_wqthread + 8

Thread 3:

Thread 4::  Dispatch queue: com.Metal.CommandQueueDispatch
0   IOKit                         	       0x1a4674fd8 iokit_user_client_trap + 8
1   IOGPU                         	       0x1c4c04104 IOGPUCommandQueueSubmitCommandBuffers + 180
2   IOGPU                         	       0x1c4becba8 -[IOGPUMetalCommandQueue _submitCommandBuffers:count:] + 364
3   IOGPU                         	       0x1c4beca10 -[IOGPUMetalCommandQueue submitCommandBuffers:count:] + 72
4   Metal                         	       0x1ac694d48 -[_MTLCommandQueue _submitAvailableCommandBuffers] + 512
5   Metal                         	       0x1ac84eea0 __40-[_MTLCommandQueue submitCommandBuffer:]_block_invoke + 28
6   libdispatch.dylib             	       0x1a0174ad4 _dispatch_client_callout + 16
7   libdispatch.dylib             	       0x1a016a940 _dispatch_lane_barrier_sync_invoke_and_complete + 56
8   Metal                         	       0x1ac84ee5c -[_MTLCommandQueue submitCommandBuffer:] + 140
9   MetalFX                       	       0x248538398 __53-[_MFXTemporalScalingEffectV4 encodeToCommandBuffer:]_block_invoke_2 + 692
10  libdispatch.dylib             	       0x1a015ab5c _dispatch_call_block_and_release + 32
11  libdispatch.dylib             	       0x1a0174ad4 _dispatch_client_callout + 16
12  libdispatch.dylib             	       0x1a01634e8 _dispatch_lane_serial_drain + 740
13  libdispatch.dylib             	       0x1a0163ff8 _dispatch_lane_invoke + 440
14  libdispatch.dylib             	       0x1a016e474 _dispatch_root_queue_drain_deferred_wlh + 292
15  libdispatch.dylib             	       0x1a016dd6c _dispatch_workloop_worker_thread + 692
16  libsystem_pthread.dylib       	       0x1a0313e4c _pthread_wqthread + 292
17  libsystem_pthread.dylib       	       0x1a0312b9c start_wqthread + 8

Thread 5:: com.apple.NSEventThread
0   libsystem_kernel.dylib        	       0x1a02d4c34 mach_msg2_trap + 8
1   libsystem_kernel.dylib        	       0x1a02e7028 mach_msg2_internal + 76
2   libsystem_kernel.dylib        	       0x1a02dd98c mach_msg_overwrite + 484
3   libsystem_kernel.dylib        	       0x1a02d4fb4 mach_msg + 24
4   CoreFoundation                	       0x1a03b6bb0 __CFRunLoopServiceMachPort + 160
5   CoreFoundation                	       0x1a03b5508 __CFRunLoopRun + 1188
6   CoreFoundation                	       0x1a046ff3c _CFRunLoopRunSpecificWithOptions + 532
7   AppKit                        	       0x1a485ea34 _NSEventThread + 184
8   libsystem_pthread.dylib       	       0x1a0317c08 _pthread_start + 136
9   libsystem_pthread.dylib       	       0x1a0312ba8 thread_start + 8

Thread 6:: redIOWorker0
0   libsystem_kernel.dylib        	       0x1a02d84f8 __psynch_cvwait + 8
1   libsystem_pthread.dylib       	       0x1a03180dc _pthread_cond_wait + 984
2   Cyberpunk2077                 	       0x1050b2d10 0x100f28000 + 68726032
3   Cyberpunk2077                 	       0x100f2c208 0x100f28000 + 16904
4   libsystem_pthread.dylib       	       0x1a0317c08 _pthread_start + 136
5   libsystem_pthread.dylib       	       0x1a0312ba8 thread_start + 8

Thread 7:: redDispatcher1
0   Cyberpunk2077                 	       0x101e1be54 0x100f28000 + 15679060
1   Cyberpunk2077                 	       0x101e26998 0x100f28000 + 15722904
2   Cyberpunk2077                 	       0x1020019d8 0x100f28000 + 17668568
3   Cyberpunk2077                 	       0x101e2c2f8 0x100f28000 + 15745784
4   Cyberpunk2077                 	       0x101e2a160 0x100f28000 + 15737184
5   Cyberpunk2077                 	       0x101900e7c 0x100f28000 + 10325628
6   Cyberpunk2077                 	       0x1019001b4 0x100f28000 + 10322356
7   Cyberpunk2077                 	       0x101903f18 0x100f28000 + 10338072
8   Cyberpunk2077                 	       0x100f2c208 0x100f28000 + 16904
9   libsystem_pthread.dylib       	       0x1a0317c08 _pthread_start + 136
10  libsystem_pthread.dylib       	       0x1a0312ba8 thread_start + 8

Thread 8:: redDispatcher2
0   libsystem_kernel.dylib        	       0x1a02d4bb0 semaphore_wait_trap + 8
1   libdispatch.dylib             	       0x1a015c990 _dispatch_sema4_wait + 28
2   libdispatch.dylib             	       0x1a015cf40 _dispatch_semaphore_wait_slow + 132
3   Cyberpunk2077                 	       0x101903b04 0x100f28000 + 10337028
4   Cyberpunk2077                 	       0x1019033c4 0x100f28000 + 10335172
5   Cyberpunk2077                 	       0x101903e9c 0x100f28000 + 10337948
6   Cyberpunk2077                 	       0x100f2c208 0x100f28000 + 16904
7   libsystem_pthread.dylib       	       0x1a0317c08 _pthread_start + 136
8   libsystem_pthread.dylib       	       0x1a0312ba8 thread_start + 8

Thread 9:: redDispatcher3
0   libsystem_platform.dylib      	       0x1a0321164 _platform_memset + 180
1   Cyberpunk2077                 	       0x102036ef4 0x100f28000 + 17886964
2   Cyberpunk2077                 	       0x10203c614 0x100f28000 + 17909268
3   Cyberpunk2077                 	       0x1019001b4 0x100f28000 + 10322356
4   Cyberpunk2077                 	       0x101903f18 0x100f28000 + 10338072
5   Cyberpunk2077                 	       0x100f2c208 0x100f28000 + 16904
6   libsystem_pthread.dylib       	       0x1a0317c08 _pthread_start + 136
7   libsystem_pthread.dylib       	       0x1a0312ba8 thread_start + 8

Thread 10:: redDispatcher4
0   libsystem_kernel.dylib        	       0x1a02d4bb0 semaphore_wait_trap + 8
1   libdispatch.dylib             	       0x1a015c990 _dispatch_sema4_wait + 28
2   libdispatch.dylib             	       0x1a015cf40 _dispatch_semaphore_wait_slow + 132
3   Cyberpunk2077                 	       0x101903b04 0x100f28000 + 10337028
4   Cyberpunk2077                 	       0x1019033c4 0x100f28000 + 10335172
5   Cyberpunk2077                 	       0x101903e9c 0x100f28000 + 10337948
6   Cyberpunk2077                 	       0x100f2c208 0x100f28000 + 16904
7   libsystem_pthread.dylib       	       0x1a0317c08 _pthread_start + 136
8   libsystem_pthread.dylib       	       0x1a0312ba8 thread_start + 8

Thread 11:: redDispatcher5
0   libsystem_kernel.dylib        	       0x1a02d4bb0 semaphore_wait_trap + 8
1   libdispatch.dylib             	       0x1a015c990 _dispatch_sema4_wait + 28
2   libdispatch.dylib             	       0x1a015cf40 _dispatch_semaphore_wait_slow + 132
3   Cyberpunk2077                 	       0x101903b04 0x100f28000 + 10337028
4   Cyberpunk2077                 	       0x1019033c4 0x100f28000 + 10335172
5   Cyberpunk2077                 	       0x101903e9c 0x100f28000 + 10337948
6   Cyberpunk2077                 	       0x100f2c208 0x100f28000 + 16904
7   libsystem_pthread.dylib       	       0x1a0317c08 _pthread_start + 136
8   libsystem_pthread.dylib       	       0x1a0312ba8 thread_start + 8

Thread 12:: redDispatcher6
0   AGXMetalG16X                  	       0x10eecd548 AGX::ResourceGroupUsage<AGX::HAL200::Encoders, AGX::HAL200::Classes, AGX::HAL200::ObjClasses>::getUsedResourceGroupsAndWriteRanges(AGX::HAL200::ResourceGroupUsageList&, AGXResourceGroupWriteRange (&) [16], unsigned int&, unsigned int&, unsigned int&, bool&) + 256
1   AGXMetalG16X                  	       0x10e9cf204 AGX::ContextCommon<AGX::HAL200::Encoders, AGX::HAL200::Classes, AGX::HAL200::ObjClasses, AGX::HAL200::DataBufferAllocator>::endCommand() + 196
2   AGXMetalG16X                  	       0x10e980544 AGX::BlitDispatchContext<AGX::HAL200::Encoders, AGX::HAL200::Classes, AGX::HAL200::ObjClasses>::endPreviousBlitCommand(bool) + 680
3   AGXMetalG16X                  	       0x10e987f5c AGX::BlitDispatchContext<AGX::HAL200::Encoders, AGX::HAL200::Classes, AGX::HAL200::ObjClasses>::commit() + 32
4   AGXMetalG16X                  	       0x10e97dd6c -[AGXG16XFamilyBlitContext deferredEndEncoding] + 64
5   AGXMetalG16X                  	       0x10e998b1c -[AGXG16XFamilyCommandBuffer commitEncoder] + 72
6   AGXMetalG16X                  	       0x10e999fa8 -[AGXG16XFamilyCommandBuffer renderCommandEncoderWithDescriptor:] + 104
7   Cyberpunk2077                 	       0x102b3f268 0x100f28000 + 29454952
8   Cyberpunk2077                 	       0x102b5b49c 0x100f28000 + 29570204
9   Cyberpunk2077                 	       0x102b5be0c 0x100f28000 + 29572620
10  Cyberpunk2077                 	       0x101d8cb1c 0x100f28000 + 15092508
11  Cyberpunk2077                 	       0x101d8b2c8 0x100f28000 + 15086280
12  Cyberpunk2077                 	       0x101fece34 0x100f28000 + 17583668
13  Cyberpunk2077                 	       0x101fe5214 0x100f28000 + 17551892
14  Cyberpunk2077                 	       0x1019001b4 0x100f28000 + 10322356
15  Cyberpunk2077                 	       0x101903f18 0x100f28000 + 10338072
16  Cyberpunk2077                 	       0x100f2c208 0x100f28000 + 16904
17  libsystem_pthread.dylib       	       0x1a0317c08 _pthread_start + 136
18  libsystem_pthread.dylib       	       0x1a0312ba8 thread_start + 8

Thread 13:: redDispatcher7
0   libsystem_kernel.dylib        	       0x1a02d4bb0 semaphore_wait_trap + 8
1   libdispatch.dylib             	       0x1a015c990 _dispatch_sema4_wait + 28
2   libdispatch.dylib             	       0x1a015cf40 _dispatch_semaphore_wait_slow + 132
3   Cyberpunk2077                 	       0x101903b04 0x100f28000 + 10337028
4   Cyberpunk2077                 	       0x1019033c4 0x100f28000 + 10335172
5   Cyberpunk2077                 	       0x101903e9c 0x100f28000 + 10337948
6   Cyberpunk2077                 	       0x100f2c208 0x100f28000 + 16904
7   libsystem_pthread.dylib       	       0x1a0317c08 _pthread_start + 136
8   libsystem_pthread.dylib       	       0x1a0312ba8 thread_start + 8

Thread 14:: redDispatcher8
0   libsystem_kernel.dylib        	       0x1a02d4bb0 semaphore_wait_trap + 8
1   libdispatch.dylib             	       0x1a015c990 _dispatch_sema4_wait + 28
2   libdispatch.dylib             	       0x1a015cf40 _dispatch_semaphore_wait_slow + 132
3   Cyberpunk2077                 	       0x101903b04 0x100f28000 + 10337028
4   Cyberpunk2077                 	       0x1019033c4 0x100f28000 + 10335172
5   Cyberpunk2077                 	       0x101903e9c 0x100f28000 + 10337948
6   Cyberpunk2077                 	       0x100f2c208 0x100f28000 + 16904
7   libsystem_pthread.dylib       	       0x1a0317c08 _pthread_start + 136
8   libsystem_pthread.dylib       	       0x1a0312ba8 thread_start + 8

Thread 15:: redDispatcher9
0   Cyberpunk2077                 	       0x101e1be54 0x100f28000 + 15679060
1   Cyberpunk2077                 	       0x101e26998 0x100f28000 + 15722904
2   Cyberpunk2077                 	       0x101dd0e38 0x100f28000 + 15371832
3   Cyberpunk2077                 	       0x101e2c2f8 0x100f28000 + 15745784
4   Cyberpunk2077                 	       0x101e2a160 0x100f28000 + 15737184
5   Cyberpunk2077                 	       0x101900e7c 0x100f28000 + 10325628
6   Cyberpunk2077                 	       0x1019001b4 0x100f28000 + 10322356
7   Cyberpunk2077                 	       0x101903f18 0x100f28000 + 10338072
8   Cyberpunk2077                 	       0x100f2c208 0x100f28000 + 16904
9   libsystem_pthread.dylib       	       0x1a0317c08 _pthread_start + 136
10  libsystem_pthread.dylib       	       0x1a0312ba8 thread_start + 8

Thread 16:: redDispatcher10
0   Cyberpunk2077                 	       0x101e1be54 0x100f28000 + 15679060
1   Cyberpunk2077                 	       0x101e26998 0x100f28000 + 15722904
2   Cyberpunk2077                 	       0x101dd71e4 0x100f28000 + 15397348
3   Cyberpunk2077                 	       0x102001b34 0x100f28000 + 17668916
4   Cyberpunk2077                 	       0x101e2c2f8 0x100f28000 + 15745784
5   Cyberpunk2077                 	       0x101e2a160 0x100f28000 + 15737184
6   Cyberpunk2077                 	       0x101900e7c 0x100f28000 + 10325628
7   Cyberpunk2077                 	       0x1019001b4 0x100f28000 + 10322356
8   Cyberpunk2077                 	       0x101903f18 0x100f28000 + 10338072
9   Cyberpunk2077                 	       0x100f2c208 0x100f28000 + 16904
10  libsystem_pthread.dylib       	       0x1a0317c08 _pthread_start + 136
11  libsystem_pthread.dylib       	       0x1a0312ba8 thread_start + 8

Thread 17:: redDispatcher11
0   Cyberpunk2077                 	       0x101e1bdd8 0x100f28000 + 15678936
1   Cyberpunk2077                 	       0x101e26998 0x100f28000 + 15722904
2   Cyberpunk2077                 	       0x101f29f2c 0x100f28000 + 16785196
3   Cyberpunk2077                 	       0x101f28ca4 0x100f28000 + 16780452
4   Cyberpunk2077                 	       0x101e2c2f8 0x100f28000 + 15745784
5   Cyberpunk2077                 	       0x101e2a160 0x100f28000 + 15737184
6   Cyberpunk2077                 	       0x101900e7c 0x100f28000 + 10325628
7   Cyberpunk2077                 	       0x1019001b4 0x100f28000 + 10322356
8   Cyberpunk2077                 	       0x101903f18 0x100f28000 + 10338072
9   Cyberpunk2077                 	       0x100f2c208 0x100f28000 + 16904
10  libsystem_pthread.dylib       	       0x1a0317c08 _pthread_start + 136
11  libsystem_pthread.dylib       	       0x1a0312ba8 thread_start + 8

Thread 18:: redDispatcher12
0   libsystem_kernel.dylib        	       0x1a02d4bb0 semaphore_wait_trap + 8
1   libdispatch.dylib             	       0x1a015c990 _dispatch_sema4_wait + 28
2   libdispatch.dylib             	       0x1a015cf40 _dispatch_semaphore_wait_slow + 132
3   Cyberpunk2077                 	       0x101903b04 0x100f28000 + 10337028
4   Cyberpunk2077                 	       0x1019033c4 0x100f28000 + 10335172
5   Cyberpunk2077                 	       0x101903e9c 0x100f28000 + 10337948
6   Cyberpunk2077                 	       0x100f2c208 0x100f28000 + 16904
7   libsystem_pthread.dylib       	       0x1a0317c08 _pthread_start + 136
8   libsystem_pthread.dylib       	       0x1a0312ba8 thread_start + 8

Thread 19:: redDispatcher13
0   libsystem_kernel.dylib        	       0x1a02d4bb0 semaphore_wait_trap + 8
1   libdispatch.dylib             	       0x1a015c990 _dispatch_sema4_wait + 28
2   libdispatch.dylib             	       0x1a015cf40 _dispatch_semaphore_wait_slow + 132
3   Cyberpunk2077                 	       0x101903b04 0x100f28000 + 10337028
4   Cyberpunk2077                 	       0x1019033c4 0x100f28000 + 10335172
5   Cyberpunk2077                 	       0x101903e9c 0x100f28000 + 10337948
6   Cyberpunk2077                 	       0x100f2c208 0x100f28000 + 16904
7   libsystem_pthread.dylib       	       0x1a0317c08 _pthread_start + 136
8   libsystem_pthread.dylib       	       0x1a0312ba8 thread_start + 8

Thread 20:: redDispatcher14
0   Cyberpunk2077                 	       0x102006c7c 0x100f28000 + 17689724
1   Cyberpunk2077                 	       0x101ffec0c 0x100f28000 + 17656844
2   Cyberpunk2077                 	       0x101e2c2f8 0x100f28000 + 15745784
3   Cyberpunk2077                 	       0x101e2a160 0x100f28000 + 15737184
4   Cyberpunk2077                 	       0x101900e7c 0x100f28000 + 10325628
5   Cyberpunk2077                 	       0x1019001b4 0x100f28000 + 10322356
6   Cyberpunk2077                 	       0x101903f18 0x100f28000 + 10338072
7   Cyberpunk2077                 	       0x100f2c208 0x100f28000 + 16904
8   libsystem_pthread.dylib       	       0x1a0317c08 _pthread_start + 136
9   libsystem_pthread.dylib       	       0x1a0312ba8 thread_start + 8

Thread 21 Crashed:: redDispatcher15
0   Cyberpunk2077                 	       0x102c78d24 0x100f28000 + 30739748
1   Cyberpunk2077                 	       0x102c7b620 0x100f28000 + 30750240
2   Cyberpunk2077                 	       0x102c7b36c 0x100f28000 + 30749548
3   Cyberpunk2077                 	       0x102c9450c 0x100f28000 + 30852364
4   Cyberpunk2077                 	       0x104ef3d28 0x100f28000 + 66895144
5   Cyberpunk2077                 	       0x104cb9bbc 0x100f28000 + 64560060
6   Cyberpunk2077                 	       0x104cb9ac8 job::prv::JobShim<SystemsUpdater::Node::LinkJob_NoFence(job::Builder&, UpdateContext const&) const::'lambda'(job::RunContext const&), job::PoolJobs2Data>::RunJob(void*, job::RunContext const&) + 52
7   Cyberpunk2077                 	       0x1019001b4 0x100f28000 + 10322356
8   Cyberpunk2077                 	       0x101903f18 0x100f28000 + 10338072
9   Cyberpunk2077                 	       0x100f2c208 0x100f28000 + 16904
10  libsystem_pthread.dylib       	       0x1a0317c08 _pthread_start + 136
11  libsystem_pthread.dylib       	       0x1a0312ba8 thread_start + 8

Thread 22:
0   libsystem_kernel.dylib        	       0x1a02d84f8 __psynch_cvwait + 8
1   libsystem_pthread.dylib       	       0x1a03180dc _pthread_cond_wait + 984
2   libc++.1.dylib                	       0x1a0248754 std::__1::condition_variable::wait(std::__1::unique_lock<std::__1::mutex>&) + 32
3   libREDGalaxy64.dylib          	       0x10f8ced88 gog::LoggingCore::TrafficThreadFunction() + 152
4   libREDGalaxy64.dylib          	       0x10f8db7a8 void* std::__1::__thread_proxy[abi:ne180100]<std::__1::tuple<std::__1::unique_ptr<std::__1::__thread_struct, std::__1::default_delete<std::__1::__thread_struct>>, std::__1::function<void ()>>>(void*) + 64
5   libsystem_pthread.dylib       	       0x1a0317c08 _pthread_start + 136
6   libsystem_pthread.dylib       	       0x1a0312ba8 thread_start + 8

Thread 23:
0   libsystem_kernel.dylib        	       0x1a02d84f8 __psynch_cvwait + 8
1   libsystem_pthread.dylib       	       0x1a03180dc _pthread_cond_wait + 984
2   libc++.1.dylib                	       0x1a02487ec std::__1::condition_variable::__do_timed_wait(std::__1::unique_lock<std::__1::mutex>&, std::__1::chrono::time_point<std::__1::chrono::system_clock, std::__1::chrono::duration<long long, std::__1::ratio<1l, 1000000000l>>>) + 104
3   libREDGalaxy64.dylib          	       0x10fd378d8 std::__1::cv_status std::__1::condition_variable::wait_for<unsigned long long, std::__1::ratio<1l, 1000000l>>(std::__1::unique_lock<std::__1::mutex>&, std::__1::chrono::duration<unsigned long long, std::__1::ratio<1l, 1000000l>> const&) + 332
4   libREDGalaxy64.dylib          	       0x10fd37714 galaxy::peer::InternalThread::SleepIfNotNotifed(gog::TimeInterval const&) + 116
5   libREDGalaxy64.dylib          	       0x10fd37f40 galaxy::peer::InternalThread::Run() + 1556
6   libREDGalaxy64.dylib          	       0x10fd3b024 galaxy::peer::InternalThread::InternalThread(std::__1::shared_ptr<gog::ILoggerRoot> const&, galaxy::peer::GalaxyPeerApplication*, boost::optional<std::__1::basic_string<char, std::__1::char_traits<char>, std::__1::allocator<char>>>)::$_0::operator()() const + 28
7   libREDGalaxy64.dylib          	       0x10fd3affc decltype(std::declval<galaxy::peer::InternalThread::InternalThread(std::__1::shared_ptr<gog::ILoggerRoot> const&, galaxy::peer::GalaxyPeerApplication*, boost::optional<std::__1::basic_string<char, std::__1::char_traits<char>, std::__1::allocator<char>>>)::$_0&>()()) std::__1::__invoke[abi:de180100]<galaxy::peer::InternalThread::InternalThread(std::__1::shared_ptr<gog::ILoggerRoot> const&, galaxy::peer::GalaxyPeerApplication*, boost::optional<std::__1::basic_string<char, std::__1::char_traits<char>, std::__1::allocator<char>>>)::$_0&>(galaxy::peer::InternalThread::InternalThread(std::__1::shared_ptr<gog::ILoggerRoot> const&, galaxy::peer::GalaxyPeerApplication*, boost::optional<std::__1::basic_string<char, std::__1::char_traits<char>, std::__1::allocator<char>>>)::$_0&) + 24
8   libREDGalaxy64.dylib          	       0x10fd3afb4 void std::__1::__invoke_void_return_wrapper<void, true>::__call[abi:de180100]<galaxy::peer::InternalThread::InternalThread(std::__1::shared_ptr<gog::ILoggerRoot> const&, galaxy::peer::GalaxyPeerApplication*, boost::optional<std::__1::basic_string<char, std::__1::char_traits<char>, std::__1::allocator<char>>>)::$_0&>(galaxy::peer::InternalThread::InternalThread(std::__1::shared_ptr<gog::ILoggerRoot> const&, galaxy::peer::GalaxyPeerApplication*, boost::optional<std::__1::basic_string<char, std::__1::char_traits<char>, std::__1::allocator<char>>>)::$_0&) + 24
9   libREDGalaxy64.dylib          	       0x10fd3af90 std::__1::__function::__alloc_func<galaxy::peer::InternalThread::InternalThread(std::__1::shared_ptr<gog::ILoggerRoot> const&, galaxy::peer::GalaxyPeerApplication*, boost::optional<std::__1::basic_string<char, std::__1::char_traits<char>, std::__1::allocator<char>>>)::$_0, std::__1::allocator<galaxy::peer::InternalThread::InternalThread(std::__1::shared_ptr<gog::ILoggerRoot> const&, galaxy::peer::GalaxyPeerApplication*, boost::optional<std::__1::basic_string<char, std::__1::char_traits<char>, std::__1::allocator<char>>>)::$_0>, void ()>::operator()[abi:de180100]() + 28
10  libREDGalaxy64.dylib          	       0x10fd39df4 std::__1::__function::__func<galaxy::peer::InternalThread::InternalThread(std::__1::shared_ptr<gog::ILoggerRoot> const&, galaxy::peer::GalaxyPeerApplication*, boost::optional<std::__1::basic_string<char, std::__1::char_traits<char>, std::__1::allocator<char>>>)::$_0, std::__1::allocator<galaxy::peer::InternalThread::InternalThread(std::__1::shared_ptr<gog::ILoggerRoot> const&, galaxy::peer::GalaxyPeerApplication*, boost::optional<std::__1::basic_string<char, std::__1::char_traits<char>, std::__1::allocator<char>>>)::$_0>, void ()>::operator()() + 28
11  libREDGalaxy64.dylib          	       0x10f8db7a8 void* std::__1::__thread_proxy[abi:ne180100]<std::__1::tuple<std::__1::unique_ptr<std::__1::__thread_struct, std::__1::default_delete<std::__1::__thread_struct>>, std::__1::function<void ()>>>(void*) + 64
12  libsystem_pthread.dylib       	       0x1a0317c08 _pthread_start + 136
13  libsystem_pthread.dylib       	       0x1a0312ba8 thread_start + 8

Thread 24:
0   libsystem_kernel.dylib        	       0x1a02d84f8 __psynch_cvwait + 8
1   libsystem_pthread.dylib       	       0x1a03180dc _pthread_cond_wait + 984
2   libc++.1.dylib                	       0x1a0248754 std::__1::condition_variable::wait(std::__1::unique_lock<std::__1::mutex>&) + 32
3   libREDGalaxy64.dylib          	       0x10f896c6c gog::AbstractHttpClient<gog::RequestContext>::ThreadFunction() + 140
4   libREDGalaxy64.dylib          	       0x10f8db7a8 void* std::__1::__thread_proxy[abi:ne180100]<std::__1::tuple<std::__1::unique_ptr<std::__1::__thread_struct, std::__1::default_delete<std::__1::__thread_struct>>, std::__1::function<void ()>>>(void*) + 64
5   libsystem_pthread.dylib       	       0x1a0317c08 _pthread_start + 136
6   libsystem_pthread.dylib       	       0x1a0312ba8 thread_start + 8

Thread 25:
0   libsystem_kernel.dylib        	       0x1a02d84f8 __psynch_cvwait + 8
1   libsystem_pthread.dylib       	       0x1a03180dc _pthread_cond_wait + 984
2   libc++.1.dylib                	       0x1a0248754 std::__1::condition_variable::wait(std::__1::unique_lock<std::__1::mutex>&) + 32
3   libREDGalaxy64.dylib          	       0x10f896c6c gog::AbstractHttpClient<gog::RequestContext>::ThreadFunction() + 140
4   libREDGalaxy64.dylib          	       0x10f8db7a8 void* std::__1::__thread_proxy[abi:ne180100]<std::__1::tuple<std::__1::unique_ptr<std::__1::__thread_struct, std::__1::default_delete<std::__1::__thread_struct>>, std::__1::function<void ()>>>(void*) + 64
5   libsystem_pthread.dylib       	       0x1a0317c08 _pthread_start + 136
6   libsystem_pthread.dylib       	       0x1a0312ba8 thread_start + 8

Thread 26:
0   libsystem_kernel.dylib        	       0x1a02d84f8 __psynch_cvwait + 8
1   libsystem_pthread.dylib       	       0x1a03180dc _pthread_cond_wait + 984
2   libc++.1.dylib                	       0x1a0248754 std::__1::condition_variable::wait(std::__1::unique_lock<std::__1::mutex>&) + 32
3   libREDGalaxy64.dylib          	       0x10f896c6c gog::AbstractHttpClient<gog::RequestContext>::ThreadFunction() + 140
4   libREDGalaxy64.dylib          	       0x10f8db7a8 void* std::__1::__thread_proxy[abi:ne180100]<std::__1::tuple<std::__1::unique_ptr<std::__1::__thread_struct, std::__1::default_delete<std::__1::__thread_struct>>, std::__1::function<void ()>>>(void*) + 64
5   libsystem_pthread.dylib       	       0x1a0317c08 _pthread_start + 136
6   libsystem_pthread.dylib       	       0x1a0312ba8 thread_start + 8

Thread 27:
0   libsystem_kernel.dylib        	       0x1a02d84f8 __psynch_cvwait + 8
1   libsystem_pthread.dylib       	       0x1a03180dc _pthread_cond_wait + 984
2   libc++.1.dylib                	       0x1a0248754 std::__1::condition_variable::wait(std::__1::unique_lock<std::__1::mutex>&) + 32
3   libREDGalaxy64.dylib          	       0x10f896c6c gog::AbstractHttpClient<gog::RequestContext>::ThreadFunction() + 140
4   libREDGalaxy64.dylib          	       0x10f8db7a8 void* std::__1::__thread_proxy[abi:ne180100]<std::__1::tuple<std::__1::unique_ptr<std::__1::__thread_struct, std::__1::default_delete<std::__1::__thread_struct>>, std::__1::function<void ()>>>(void*) + 64
5   libsystem_pthread.dylib       	       0x1a0317c08 _pthread_start + 136
6   libsystem_pthread.dylib       	       0x1a0312ba8 thread_start + 8

Thread 28:
0   libsystem_kernel.dylib        	       0x1a02d84f8 __psynch_cvwait + 8
1   libsystem_pthread.dylib       	       0x1a03180dc _pthread_cond_wait + 984
2   libc++.1.dylib                	       0x1a0248754 std::__1::condition_variable::wait(std::__1::unique_lock<std::__1::mutex>&) + 32
3   libREDGalaxy64.dylib          	       0x10f896c6c gog::AbstractHttpClient<gog::RequestContext>::ThreadFunction() + 140
4   libREDGalaxy64.dylib          	       0x10f8db7a8 void* std::__1::__thread_proxy[abi:ne180100]<std::__1::tuple<std::__1::unique_ptr<std::__1::__thread_struct, std::__1::default_delete<std::__1::__thread_struct>>, std::__1::function<void ()>>>(void*) + 64
5   libsystem_pthread.dylib       	       0x1a0317c08 _pthread_start + 136
6   libsystem_pthread.dylib       	       0x1a0312ba8 thread_start + 8

Thread 29:
0   libsystem_kernel.dylib        	       0x1a02d84f8 __psynch_cvwait + 8
1   libsystem_pthread.dylib       	       0x1a03180dc _pthread_cond_wait + 984
2   libc++.1.dylib                	       0x1a0248754 std::__1::condition_variable::wait(std::__1::unique_lock<std::__1::mutex>&) + 32
3   libREDGalaxy64.dylib          	       0x10f896c6c gog::AbstractHttpClient<gog::RequestContext>::ThreadFunction() + 140
4   libREDGalaxy64.dylib          	       0x10f8db7a8 void* std::__1::__thread_proxy[abi:ne180100]<std::__1::tuple<std::__1::unique_ptr<std::__1::__thread_struct, std::__1::default_delete<std::__1::__thread_struct>>, std::__1::function<void ()>>>(void*) + 64
5   libsystem_pthread.dylib       	       0x1a0317c08 _pthread_start + 136
6   libsystem_pthread.dylib       	       0x1a0312ba8 thread_start + 8

Thread 30:
0   libsystem_kernel.dylib        	       0x1a02d84f8 __psynch_cvwait + 8
1   libsystem_pthread.dylib       	       0x1a03180dc _pthread_cond_wait + 984
2   libc++.1.dylib                	       0x1a0248754 std::__1::condition_variable::wait(std::__1::unique_lock<std::__1::mutex>&) + 32
3   libREDGalaxy64.dylib          	       0x10f896c6c gog::AbstractHttpClient<gog::RequestContext>::ThreadFunction() + 140
4   libREDGalaxy64.dylib          	       0x10f8db7a8 void* std::__1::__thread_proxy[abi:ne180100]<std::__1::tuple<std::__1::unique_ptr<std::__1::__thread_struct, std::__1::default_delete<std::__1::__thread_struct>>, std::__1::function<void ()>>>(void*) + 64
5   libsystem_pthread.dylib       	       0x1a0317c08 _pthread_start + 136
6   libsystem_pthread.dylib       	       0x1a0312ba8 thread_start + 8

Thread 31:
0   libsystem_kernel.dylib        	       0x1a02d84f8 __psynch_cvwait + 8
1   libsystem_pthread.dylib       	       0x1a03180dc _pthread_cond_wait + 984
2   libc++.1.dylib                	       0x1a0248754 std::__1::condition_variable::wait(std::__1::unique_lock<std::__1::mutex>&) + 32
3   libREDGalaxy64.dylib          	       0x10f896c6c gog::AbstractHttpClient<gog::RequestContext>::ThreadFunction() + 140
4   libREDGalaxy64.dylib          	       0x10f8db7a8 void* std::__1::__thread_proxy[abi:ne180100]<std::__1::tuple<std::__1::unique_ptr<std::__1::__thread_struct, std::__1::default_delete<std::__1::__thread_struct>>, std::__1::function<void ()>>>(void*) + 64
5   libsystem_pthread.dylib       	       0x1a0317c08 _pthread_start + 136
6   libsystem_pthread.dylib       	       0x1a0312ba8 thread_start + 8

Thread 32:: WatchdogThread
0   libsystem_kernel.dylib        	       0x1a02d82f4 __semwait_signal + 8
1   libsystem_c.dylib             	       0x1a01b0d6c nanosleep + 220
2   libsystem_c.dylib             	       0x1a01b0c84 usleep + 68
3   Cyberpunk2077                 	       0x104ccdab8 0x100f28000 + 64641720
4   Cyberpunk2077                 	       0x100f2c208 0x100f28000 + 16904
5   libsystem_pthread.dylib       	       0x1a0317c08 _pthread_start + 136
6   libsystem_pthread.dylib       	       0x1a0312ba8 thread_start + 8

Thread 33:: GameServicesMac
0   libsystem_kernel.dylib        	       0x1a02d84f8 __psynch_cvwait + 8
1   libsystem_pthread.dylib       	       0x1a03180dc _pthread_cond_wait + 984
2   Cyberpunk2077                 	       0x101c99100 0x100f28000 + 14094592
3   Cyberpunk2077                 	       0x100f2c208 0x100f28000 + 16904
4   libsystem_pthread.dylib       	       0x1a0317c08 _pthread_start + 136
5   libsystem_pthread.dylib       	       0x1a0312ba8 thread_start + 8

Thread 34:: RawTcpNetworkTh
0   libsystem_kernel.dylib        	       0x1a02dfe54 __select + 8
1   Cyberpunk2077                 	       0x10350b564 0x100f28000 + 39728484
2   Cyberpunk2077                 	       0x100f2c208 0x100f28000 + 16904
3   libsystem_pthread.dylib       	       0x1a0317c08 _pthread_start + 136
4   libsystem_pthread.dylib       	       0x1a0312ba8 thread_start + 8

Thread 35:: PacketNetworkMa
0   libsystem_kernel.dylib        	       0x1a02d84f8 __psynch_cvwait + 8
1   libsystem_pthread.dylib       	       0x1a03180dc _pthread_cond_wait + 984
2   Cyberpunk2077                 	       0x103507884 0x100f28000 + 39712900
3   Cyberpunk2077                 	       0x100f2c208 0x100f28000 + 16904
4   libsystem_pthread.dylib       	       0x1a0317c08 _pthread_start + 136
5   libsystem_pthread.dylib       	       0x1a0312ba8 thread_start + 8

Thread 36:
0   libsystem_kernel.dylib        	       0x1a02d84f8 __psynch_cvwait + 8
1   libsystem_pthread.dylib       	       0x1a03180dc _pthread_cond_wait + 984
2   Cyberpunk2077                 	       0x1015261a8 0x100f28000 + 6283688
3   libsystem_pthread.dylib       	       0x1a0317c08 _pthread_start + 136
4   libsystem_pthread.dylib       	       0x1a0312ba8 thread_start + 8

Thread 37:
0   libsystem_kernel.dylib        	       0x1a02d84f8 __psynch_cvwait + 8
1   libsystem_pthread.dylib       	       0x1a03180dc _pthread_cond_wait + 984
2   Cyberpunk2077                 	       0x1015261a8 0x100f28000 + 6283688
3   libsystem_pthread.dylib       	       0x1a0317c08 _pthread_start + 136
4   libsystem_pthread.dylib       	       0x1a0312ba8 thread_start + 8

Thread 38:
0   libsystem_kernel.dylib        	       0x1a02d4bb0 semaphore_wait_trap + 8
1   Cyberpunk2077                 	       0x1014e1860 0x100f28000 + 6002784
2   libsystem_pthread.dylib       	       0x1a0317c08 _pthread_start + 136
3   libsystem_pthread.dylib       	       0x1a0312ba8 thread_start + 8

Thread 39:
0   libsystem_kernel.dylib        	       0x1a02d4bb0 semaphore_wait_trap + 8
1   Cyberpunk2077                 	       0x101497138 0x100f28000 + 5697848
2   libsystem_pthread.dylib       	       0x1a0317c08 _pthread_start + 136
3   libsystem_pthread.dylib       	       0x1a0312ba8 thread_start + 8

Thread 40:
0   libsystem_kernel.dylib        	       0x1a02d4bb0 semaphore_wait_trap + 8
1   Cyberpunk2077                 	       0x1014e9f00 0x100f28000 + 6037248
2   libsystem_pthread.dylib       	       0x1a0317c08 _pthread_start + 136
3   libsystem_pthread.dylib       	       0x1a0312ba8 thread_start + 8

Thread 41:: caulk.messenger.shared:17
0   libsystem_kernel.dylib        	       0x1a02d4bb0 semaphore_wait_trap + 8
1   caulk                         	       0x1ac964e08 caulk::semaphore::timed_wait(double) + 224
2   caulk                         	       0x1ac964cb0 caulk::concurrent::details::worker_thread::run() + 32
3   caulk                         	       0x1ac964950 void* caulk::thread_proxy<std::__1::tuple<caulk::thread::attributes, void (caulk::concurrent::details::worker_thread::*)(), std::__1::tuple<caulk::concurrent::details::worker_thread*>>>(void*) + 96
4   libsystem_pthread.dylib       	       0x1a0317c08 _pthread_start + 136
5   libsystem_pthread.dylib       	       0x1a0312ba8 thread_start + 8

Thread 42:: caulk.messenger.shared:high
0   libsystem_kernel.dylib        	       0x1a02d4bb0 semaphore_wait_trap + 8
1   caulk                         	       0x1ac964e08 caulk::semaphore::timed_wait(double) + 224
2   caulk                         	       0x1ac964cb0 caulk::concurrent::details::worker_thread::run() + 32
3   caulk                         	       0x1ac964950 void* caulk::thread_proxy<std::__1::tuple<caulk::thread::attributes, void (caulk::concurrent::details::worker_thread::*)(), std::__1::tuple<caulk::concurrent::details::worker_thread*>>>(void*) + 96
4   libsystem_pthread.dylib       	       0x1a0317c08 _pthread_start + 136
5   libsystem_pthread.dylib       	       0x1a0312ba8 thread_start + 8

Thread 43:: com.apple.audio.toolbox.AUScheduledParameterRefresher
0   libsystem_kernel.dylib        	       0x1a02d4bb0 semaphore_wait_trap + 8
1   caulk                         	       0x1ac964e08 caulk::semaphore::timed_wait(double) + 224
2   caulk                         	       0x1ac964cb0 caulk::concurrent::details::worker_thread::run() + 32
3   caulk                         	       0x1ac964950 void* caulk::thread_proxy<std::__1::tuple<caulk::thread::attributes, void (caulk::concurrent::details::worker_thread::*)(), std::__1::tuple<caulk::concurrent::details::worker_thread*>>>(void*) + 96
4   libsystem_pthread.dylib       	       0x1a0317c08 _pthread_start + 136
5   libsystem_pthread.dylib       	       0x1a0312ba8 thread_start + 8

Thread 44:: caulk::deferred_logger
0   libsystem_kernel.dylib        	       0x1a02d4bb0 semaphore_wait_trap + 8
1   caulk                         	       0x1ac964e08 caulk::semaphore::timed_wait(double) + 224
2   caulk                         	       0x1ac964cb0 caulk::concurrent::details::worker_thread::run() + 32
3   caulk                         	       0x1ac964950 void* caulk::thread_proxy<std::__1::tuple<caulk::thread::attributes, void (caulk::concurrent::details::worker_thread::*)(), std::__1::tuple<caulk::concurrent::details::worker_thread*>>>(void*) + 96
4   libsystem_pthread.dylib       	       0x1a0317c08 _pthread_start + 136
5   libsystem_pthread.dylib       	       0x1a0312ba8 thread_start + 8

Thread 45:
0   libsystem_kernel.dylib        	       0x1a02d84f8 __psynch_cvwait + 8
1   libsystem_pthread.dylib       	       0x1a03180dc _pthread_cond_wait + 984
2   libBink2MacArm64.dylib        	       0x10bc192cc 0x10bbf8000 + 135884
3   libBink2MacArm64.dylib        	       0x10bbfc950 0x10bbf8000 + 18768
4   libBink2MacArm64.dylib        	       0x10bbfce60 0x10bbf8000 + 20064
5   libBink2MacArm64.dylib        	       0x10bbfcd78 0x10bbf8000 + 19832
6   libBink2MacArm64.dylib        	       0x10bc18dcc 0x10bbf8000 + 134604
7   libsystem_pthread.dylib       	       0x1a0317c08 _pthread_start + 136
8   libsystem_pthread.dylib       	       0x1a0312ba8 thread_start + 8

Thread 46:
0   libsystem_kernel.dylib        	       0x1a02d84f8 __psynch_cvwait + 8
1   libsystem_pthread.dylib       	       0x1a03180dc _pthread_cond_wait + 984
2   libBink2MacArm64.dylib        	       0x10bc192cc 0x10bbf8000 + 135884
3   libBink2MacArm64.dylib        	       0x10bbfc950 0x10bbf8000 + 18768
4   libBink2MacArm64.dylib        	       0x10bbfce60 0x10bbf8000 + 20064
5   libBink2MacArm64.dylib        	       0x10bbfcd78 0x10bbf8000 + 19832
6   libBink2MacArm64.dylib        	       0x10bc18dcc 0x10bbf8000 + 134604
7   libsystem_pthread.dylib       	       0x1a0317c08 _pthread_start + 136
8   libsystem_pthread.dylib       	       0x1a0312ba8 thread_start + 8

Thread 47:

Thread 48:
0   libsystem_kernel.dylib        	       0x1a02d84f8 __psynch_cvwait + 8
1   libsystem_pthread.dylib       	       0x1a03180dc _pthread_cond_wait + 984
2   libBink2MacArm64.dylib        	       0x10bc192cc 0x10bbf8000 + 135884
3   libBink2MacArm64.dylib        	       0x10bc05154 0x10bbf8000 + 53588
4   libBink2MacArm64.dylib        	       0x10bc18dcc 0x10bbf8000 + 134604
5   libsystem_pthread.dylib       	       0x1a0317c08 _pthread_start + 136
6   libsystem_pthread.dylib       	       0x1a0312ba8 thread_start + 8

Thread 49:: ausm_messenger_for_buffer_disposal
0   libsystem_kernel.dylib        	       0x1a02d4bb0 semaphore_wait_trap + 8
1   caulk                         	       0x1ac964e08 caulk::semaphore::timed_wait(double) + 224
2   caulk                         	       0x1ac964cb0 caulk::concurrent::details::worker_thread::run() + 32
3   caulk                         	       0x1ac964950 void* caulk::thread_proxy<std::__1::tuple<caulk::thread::attributes, void (caulk::concurrent::details::worker_thread::*)(), std::__1::tuple<caulk::concurrent::details::worker_thread*>>>(void*) + 96
4   libsystem_pthread.dylib       	       0x1a0317c08 _pthread_start + 136
5   libsystem_pthread.dylib       	       0x1a0312ba8 thread_start + 8

Thread 50:: adc_headtracker_messenger_for_bt_llm_update
0   libsystem_kernel.dylib        	       0x1a02d4bb0 semaphore_wait_trap + 8
1   caulk                         	       0x1ac964e08 caulk::semaphore::timed_wait(double) + 224
2   caulk                         	       0x1ac964cb0 caulk::concurrent::details::worker_thread::run() + 32
3   caulk                         	       0x1ac964950 void* caulk::thread_proxy<std::__1::tuple<caulk::thread::attributes, void (caulk::concurrent::details::worker_thread::*)(), std::__1::tuple<caulk::concurrent::details::worker_thread*>>>(void*) + 96
4   libsystem_pthread.dylib       	       0x1a0317c08 _pthread_start + 136
5   libsystem_pthread.dylib       	       0x1a0312ba8 thread_start + 8

Thread 51:: com.apple.audio.IOThread.client
0   libsystem_kernel.dylib        	       0x1a02d4bbc semaphore_wait_signal_trap + 8
1   caulk                         	       0x1ac981fac caulk::mach::semaphore::wait_signal_or_error(caulk::mach::semaphore&) + 36
2   CoreAudio                     	       0x1a36306cc HALC_ProxyIOContext::IOWorkLoop() + 5052
3   CoreAudio                     	       0x1a362ec68 invocation function for block in HALC_ProxyIOContext::HALC_ProxyIOContext(unsigned int, unsigned int) + 172
4   CoreAudio                     	       0x1a37f3f0c HALC_IOThread::Entry(void*) + 88
5   libsystem_pthread.dylib       	       0x1a0317c08 _pthread_start + 136
6   libsystem_pthread.dylib       	       0x1a0312ba8 thread_start + 8

Thread 52:

Thread 53:

Thread 54:: ANEServicesThread
0   libsystem_kernel.dylib        	       0x1a02d4c34 mach_msg2_trap + 8
1   libsystem_kernel.dylib        	       0x1a02e7028 mach_msg2_internal + 76
2   libsystem_kernel.dylib        	       0x1a02dd98c mach_msg_overwrite + 484
3   libsystem_kernel.dylib        	       0x1a02d4fb4 mach_msg + 24
4   CoreFoundation                	       0x1a03b6bb0 __CFRunLoopServiceMachPort + 160
5   CoreFoundation                	       0x1a03b5508 __CFRunLoopRun + 1188
6   CoreFoundation                	       0x1a046ff3c _CFRunLoopRunSpecificWithOptions + 532
7   CoreFoundation                	       0x1a0408a50 CFRunLoopRun + 64
8   ANEServices                   	       0x1bdde43e8 ANE::ANEServicesThreadStart(ANE::ANEServicesThreadParams*) + 152
9   libsystem_pthread.dylib       	       0x1a0317c08 _pthread_start + 136
10  libsystem_pthread.dylib       	       0x1a0312ba8 thread_start + 8


Thread 21 crashed with ARM Thread State (64-bit):
    x0: 0x0000000104ccfad8   x1: 0x000000741b2e0888   x2: 0x000000741b2e08f0   x3: 0x0000000000000001
    x4: 0x0000000731912b00   x5: 0x0000000000000000   x6: 0xffffffffbfc007ff   x7: 0xfffff0003ffff800
    x8: 0x000000000000000b   x9: 0x9100c3ffa9414ff4  x10: 0x9100c402ed455ff0  x11: 0x0000000344040ffc
   x12: 0x1231f18f0081baa8  x13: 0x1231e18d8081b060  x14: 0x000000000001b800  x15: 0x000000000000002f
   x16: 0x952d000731912a80  x17: 0x000000031e18d860  x18: 0x0000000000000000  x19: 0x000000741b2e08f0
   x20: 0x000000741b2e0888  x21: 0x0000000104ccfad8  x22: 0x0000000000000001  x23: 0x00000001a029281b
   x24: 0x0000000731912a80  x25: 0x0000000170466c98  x26: 0x0000000170466cd8  x27: 0x0000000170466c50
   x28: 0x0000000107eb3e48   fp: 0x0000000170466b90   lr: 0x0000000102c7b620
    sp: 0x0000000170466b00   pc: 0x0000000102c78d24 cpsr: 0x00000000
   far: 0x9100c3ffa9414ff4  esr: 0x92000004 (Data Abort) byte read Translation fault

Binary Images:
       0x100f28000 -        0x107d07fff com.cdprojektred.cyberpunk.steam (2.3.1) <a6656adc-fbe2-36a4-9b9d-b4a9de645089> /Users/USER/Library/Application Support/Steam/*/Cyberpunk2077.app/Contents/MacOS/Cyberpunk2077
       0x10c8e0000 -        0x10d11bfff RED4ext.dylib (*) <32e55c31-317e-37bd-a266-df9e40e34014> /Users/USER/*/RED4ext.dylib
       0x10bb44000 -        0x10bb47fff libGameServicesSteam.dylib (*) <f95c2aa6-029c-3628-b2dd-d7e65e91b493> /Users/USER/Library/Application Support/Steam/*/Cyberpunk2077.app/Contents/Frameworks/libGameServicesSteam.dylib
       0x10bbc4000 -        0x10bbcffff libsteam_api.dylib (*) <acce0637-6602-3acf-890c-c33a8756ce23> /Users/USER/Library/Application Support/Steam/*/Cyberpunk2077.app/Contents/Frameworks/libsteam_api.dylib
       0x10bbf8000 -        0x10bc2bfff libBink2MacArm64.dylib (*) <15659c8d-63b8-3354-a1df-170479d8ac17> /Users/USER/Library/Application Support/Steam/*/Cyberpunk2077.app/Contents/Frameworks/libBink2MacArm64.dylib
       0x10f7ec000 -        0x110463fff libREDGalaxy64.dylib (*) <eec1b3c2-3700-362d-abfd-de631c1c705b> /Users/USER/Library/Application Support/Steam/*/Cyberpunk2077.app/Contents/Frameworks/libREDGalaxy64.dylib
       0x10c72c000 -        0x10c7ebfff TweakXL.dylib (*) <f484a0fa-99ac-3631-a731-a4f6a24d8d63> /Users/USER/Library/Application Support/Steam/*/TweakXL.dylib
       0x10bcac000 -        0x10bcd3fff libspdlog.1.16.0.dylib (*) <ac1062ea-1feb-3358-96c4-a451bb12cd4f> /opt/homebrew/*/libspdlog.1.16.0.dylib
       0x10be08000 -        0x10be2bfff libyaml-cpp.0.8.0.dylib (*) <9e568be0-77f5-3035-99e1-26bf5fa5029c> /opt/homebrew/*/libyaml-cpp.0.8.0.dylib
       0x10bc68000 -        0x10bc7bfff libfmt.12.1.0.dylib (*) <52690c9c-fca8-3d02-bf7e-8d61bfcaf455> /opt/homebrew/*/libfmt.12.1.0.dylib
       0x10be58000 -        0x10be67fff MetalFXDenoiser.dylib (*) <ed4b81bf-c4ce-3c61-8157-915bf7a1563d> /Users/USER/Library/Application Support/Steam/*/MetalFXDenoiser.dylib
       0x10be80000 -        0x10be8bfff MetalFXDenoiserCore.dylib (*) <99d72433-f078-383d-a2f6-c048484a303b> /Users/USER/Library/Application Support/Steam/*/MetalFXDenoiserCore.dylib
       0x10e72c000 -        0x10ef63fff com.apple.AGXMetalG16X (345.20.1) <8b0fb008-8e01-3344-b5a4-5c871469004e> /System/Library/Extensions/AGXMetalG16X.bundle/Contents/MacOS/AGXMetalG16X
       0x10bec4000 -        0x10bed7fff ModMenu.dylib (*) <cdaf0f81-455c-3752-b527-0fd75bc81cb5> /Users/USER/Library/Application Support/Steam/*/ModMenu.dylib
       0x10f228000 -        0x10f243fff libmacos_smoke_test.dylib (*) <bb1ba67c-8ebe-349b-87ff-3ec5cec6e8e4> /Users/USER/Library/Application Support/Steam/*/libmacos_smoke_test.dylib
       0x10f530000 -        0x10f69ffff ArchiveXL.dylib (*) <6b863c2a-e4da-31e5-ad49-a33d110303b5> /Users/USER/Library/Application Support/Steam/*/ArchiveXL.dylib
       0x10c718000 -        0x10c723fff libobjc-trampolines.dylib (*) <f26af954-d1f7-31aa-9981-1bad216149d9> /usr/lib/libobjc-trampolines.dylib
       0x151f44000 -        0x153697fff steamclient.dylib (*) <8688a6ef-bbfc-3cf7-b5e2-56badb4a634b> /Users/USER/Library/Application Support/Steam/*/steamclient.dylib
       0x14ecbc000 -        0x14ecd7fff libtier0_s.dylib (*) <1a1f6a64-fd28-3218-909c-89647395b501> /Users/USER/Library/Application Support/Steam/*/libtier0_s.dylib
       0x14ed7c000 -        0x14edabfff libvstdlib_s.dylib (*) <5ba235bf-ec59-3b75-a5a6-ff07b5460d74> /Users/USER/Library/Application Support/Steam/*/libvstdlib_s.dylib
       0x115bb4000 -        0x115bc3fff libaudio.dylib (*) <ea16083c-391b-349a-8fe8-ad557cbfd559> /Users/USER/Library/Application Support/Steam/*/libaudio.dylib
       0x14ecf4000 -        0x14ed0bfff crashhandler.dylib (*) <4c4cde13-c541-3f7a-b1a4-86b5d970c09c> /Users/USER/Library/Application Support/Steam/*/crashhandler.dylib
       0x14ed20000 -        0x14ed27fff com.googlecode.google-breakpad (*) <eb859872-955a-315d-9ce1-87fb57f7c4cd> /Users/USER/Library/Application Support/Steam/*/Breakpad.framework/Versions/A/Breakpad
       0x14ec50000 -        0x14ec5ffff breakpadUtilities.dylib (*) <f81b68a1-e8e8-3f7c-8e42-be3c57699fc9> /Users/USER/Library/Application Support/Steam/*/Breakpad.framework/Versions/A/Resources/breakpadUtilities.dylib
       0x165dd0000 -        0x165f13fff com.apple.audio.units.Components (1.14) <d45108c2-3250-3f9a-a1e3-a3c31f3c0d59> /System/Library/Components/CoreAudio.component/Contents/MacOS/CoreAudio
       0x3db3f4000 -        0x3dbb77fff com.apple.audio.AudioDSPComponents (1.0) <60ab55ea-bc59-305a-abb7-9acce478851a> /System/Library/Components/AudioDSP.component/Contents/MacOS/AudioDSP
       0x1a02d4000 -        0x1a03104af libsystem_kernel.dylib (*) <feaf3627-e3c3-3ade-a910-3583f8d96c4b> /usr/lib/system/libsystem_kernel.dylib
       0x1a031e000 -        0x1a03264af libsystem_platform.dylib (*) <62c9cd37-272d-3d2d-9a1c-6f4ef24f7ec7> /usr/lib/system/libsystem_platform.dylib
       0x19ff45000 -        0x19ffe4717 dyld (*) <c0e2cc0c-71f1-3a63-9d9f-3afebbcb2b7c> /usr/lib/dyld
               0x0 - 0xffffffffffffffff ??? (*) <00000000-0000-0000-0000-000000000000> ???
       0x1a4656000 -        0x1a474053f com.apple.framework.IOKit (2.0.2) <c576139d-1161-3a4c-bf12-62c44f11cb97> /System/Library/Frameworks/IOKit.framework/Versions/A/IOKit
       0x1c4be7000 -        0x1c4c381ff com.apple.IOGPU (129.3.2) <bc63703e-6494-39d3-acbc-55ff90d2dc08> /System/Library/PrivateFrameworks/IOGPU.framework/Versions/A/IOGPU
       0x1ac67f000 -        0x1ac962b3f com.apple.Metal (371.5) <26fd60db-88cd-382e-b6f2-fb09079eec04> /System/Library/Frameworks/Metal.framework/Versions/A/Metal
       0x1a0159000 -        0x1a019fe5f libdispatch.dylib (*) <4c58ab31-f363-3e75-a8f8-302105812dbf> /usr/lib/system/libdispatch.dylib
       0x1a0311000 -        0x1a031dacb libsystem_pthread.dylib (*) <94ae8744-d3ab-3817-8bc8-ca92fd7b3714> /usr/lib/system/libsystem_pthread.dylib
       0x2484f7000 -        0x248568f1f com.apple.MetalFX (31.7.1) <9bbb1097-7f9f-3e90-acc9-c4f465622083> /System/Library/Frameworks/MetalFX.framework/Versions/A/MetalFX
       0x1a0357000 -        0x1a08a02bf com.apple.CoreFoundation (6.9) <583cc1fa-e47d-312d-b6ad-be436b64bb4e> /System/Library/Frameworks/CoreFoundation.framework/Versions/A/CoreFoundation
       0x1a47af000 -        0x1a5edabdf com.apple.AppKit (6.9) <3e1c4ad8-e9ab-34f0-b04a-4bada73d3533> /System/Library/Frameworks/AppKit.framework/Versions/C/AppKit
       0x1a0226000 -        0x1a02b8ea3 libc++.1.dylib (*) <d10545df-e701-3e2c-89b3-b304357ef08c> /usr/lib/libc++.1.dylib
       0x1a01a3000 -        0x1a0225047 libsystem_c.dylib (*) <eb569350-0696-3397-838e-0344948107c0> /usr/lib/system/libsystem_c.dylib
       0x1ac963000 -        0x1ac98bd7f com.apple.audio.caulk (1.0) <67d6bcc2-f024-388e-b546-b1c2fe6f0ddc> /System/Library/PrivateFrameworks/caulk.framework/Versions/A/caulk
       0x1a3427000 -        0x1a3bd839f com.apple.audio.CoreAudio (5.0) <57c69a6e-f5cb-3e83-b800-338265d5d82c> /System/Library/Frameworks/CoreAudio.framework/Versions/A/CoreAudio
       0x1bddc1000 -        0x1bddf32ff com.apple.ANEServices (9.300) <05d8cf4d-12cb-3f37-825c-abb7770e6ece> /System/Library/PrivateFrameworks/ANEServices.framework/Versions/A/ANEServices

External Modification Summary:
  Calls made by other processes targeting this process:
    task_for_pid: 0
    thread_create: 0
    thread_set_state: 0
  Calls made by this process:
    task_for_pid: 0
    thread_create: 0
    thread_set_state: 0
  Calls made by all processes on this machine:
    task_for_pid: 8
    thread_create: 0
    thread_set_state: 0

-----------
Full Report
-----------

{"app_name":"Cyberpunk2077","timestamp":"2026-02-01 19:00:00.00 -0800","app_version":"2.3.1","slice_uuid":"a6656adc-fbe2-36a4-9b9d-b4a9de645089","build_version":"5314028","platform":1,"bundleID":"com.cdprojektred.cyberpunk.steam","share_with_app_devs":0,"is_first_party":0,"bug_type":"309","os_version":"macOS 26.3 (25D5112c)","roots_installed":0,"name":"Cyberpunk2077","incident_id":"E109CB06-C12C-4D75-83E2-2499BF7F6C3D"}
{
  "uptime" : 85000,
  "procRole" : "Foreground",
  "version" : 2,
  "userID" : 501,
  "deployVersion" : 210,
  "modelCode" : "Mac16,5",
  "coalitionID" : 1193,
  "osVersion" : {
    "train" : "macOS 26.3",
    "build" : "25D5112c",
    "releaseType" : "User"
  },
  "captureTime" : "2026-02-01 19:00:00.2052 -0800",
  "codeSigningMonitor" : 2,
  "incident" : "E109CB06-C12C-4D75-83E2-2499BF7F6C3D",
  "pid" : 69620,
  "translated" : false,
  "cpuType" : "ARM-64",
  "procLaunch" : "2026-02-01 18:58:42.7930 -0800",
  "procStartAbsTime" : 2055567271449,
  "procExitAbsTime" : 2057310366525,
  "procName" : "Cyberpunk2077",
  "procPath" : "\/Users\/USER\/Library\/Application Support\/Steam\/*\/Cyberpunk2077.app\/Contents\/MacOS\/Cyberpunk2077",
  "bundleInfo" : {"CFBundleShortVersionString":"2.3.1","CFBundleVersion":"5314028","CFBundleIdentifier":"com.cdprojektred.cyberpunk.steam"},
  "storeInfo" : {"deviceIdentifierForVendor":"F118D32C-3F3E-5BBB-9277-AAE0967B967E","thirdParty":true},
  "parentProc" : "Exited process",
  "parentPid" : 69618,
  "coalitionName" : "com.todesktop.230313mzl4w4u92",
  "crashReporterKey" : "0CCA579A-01B6-06F1-D447-87166E5A294F",
  "appleIntelligenceStatus" : {"state":"available"},
  "developerMode" : 1,
  "responsiblePid" : 3309,
  "responsibleProc" : "Cursor",
  "codeSigningID" : "com.cdprojektred.cyberpunk.steam",
  "codeSigningTeamID" : "",
  "codeSigningFlags" : 570425857,
  "codeSigningValidationCategory" : 10,
  "codeSigningTrustLevel" : 4294967295,
  "codeSigningAuxiliaryInfo" : 0,
  "instructionByteStream" : {"beforePC":"\/UMCkfMDAqr0AwGq9QMAqihIQLkLFEG5CwIANKmGQPkqCQuLa\/V+0w==","atPC":"LAFAuZ8BCGugAQBUKREAkWsRAPFh\/\/9U\/XtJqfRPSKn2V0ep+F9GqQ=="},
  "bootSessionUUID" : "0A3A2781-043C-4143-9AA1-513BF236605D",
  "wakeTime" : 34186,
  "sleepWakeUUID" : "4DD441C0-6CF1-4E9C-9CE7-6025992C611B",
  "sip" : "enabled",
  "vmRegionInfo" : "0x43ffa9414ff4 is not in any region.  \n      REGION TYPE                    START - END         [ VSIZE] PRT\/MAX SHRMOD  REGION DETAIL\n      UNUSED SPACE AT START\n--->  \n      UNUSED SPACE AT END",
  "exception" : {"codes":"0x0000000000000001, 0x9100c3ffa9414ff4","rawCodes":[1,-7998177435386294284],"type":"EXC_BAD_ACCESS","signal":"SIGSEGV","subtype":"KERN_INVALID_ADDRESS at 0x9100c3ffa9414ff4"},
  "termination" : {"flags":0,"code":11,"namespace":"SIGNAL","indicator":"Segmentation fault: 11","byProc":"exc handler","byPid":69620},
  "vmregioninfo" : "0x43ffa9414ff4 is not in any region.  \n      REGION TYPE                    START - END         [ VSIZE] PRT\/MAX SHRMOD  REGION DETAIL\n      UNUSED SPACE AT START\n--->  \n      UNUSED SPACE AT END",
  "extMods" : {"caller":{"thread_create":0,"thread_set_state":0,"task_for_pid":0},"system":{"thread_create":0,"thread_set_state":0,"task_for_pid":8},"targeted":{"thread_create":0,"thread_set_state":0,"task_for_pid":0},"warnings":0},
  "faultingThread" : 21,
  "threads" : [{"threadState":{"x":[{"value":18446744073709551612},{"value":0},{"value":1},{"value":0},{"value":0},{"value":18446744069417971712},{"value":14549841668714944},{"value":18446744069417971968},{"value":1},{"value":1},{"value":1},{"value":47244640258},{"value":51539607553},{"value":1},{"value":2},{"value":481631270144},{"value":544},{"value":8819445448},{"value":0},{"value":498218246272},{"value":481504036088},{"value":30986240284},{"value":481504036116},{"value":481504036124},{"value":1},{"value":0},{"value":0},{"value":4461867112},{"value":0}],"flavor":"ARM_THREAD_STATE64","lr":{"value":6982616748},"cpsr":{"value":2147483648},"fp":{"value":6156010880},"sp":{"value":6156010864},"esr":{"value":1442840704,"description":"(Syscall)"},"pc":{"value":6982347892},"far":{"value":0}},"id":4333679,"name":"GameThread","queue":"com.apple.main-thread","frames":[{"imageOffset":60532,"symbol":"__ulock_wait2","symbolLocation":8,"imageIndex":26},{"imageOffset":26284,"symbol":"os_sync_wait_on_address","symbolLocation":104,"imageIndex":27},{"imageOffset":10324200,"imageIndex":0},{"imageOffset":10324440,"imageIndex":0},{"imageOffset":66550236,"imageIndex":0},{"imageOffset":66146912,"imageIndex":0},{"imageOffset":66145604,"imageIndex":0},{"imageOffset":66201688,"imageIndex":0},{"imageOffset":64592844,"imageIndex":0},{"imageOffset":64591368,"imageIndex":0},{"imageOffset":64542788,"imageIndex":0},{"imageOffset":64532840,"imageIndex":0},{"imageOffset":204632,"imageIndex":0},{"imageOffset":204408,"imageIndex":0},{"imageOffset":36180,"symbol":"start","symbolLocation":7184,"imageIndex":28}]},{"id":4333701,"frames":[],"threadState":{"x":[{"value":6157725696},{"value":28419},{"value":6157189120},{"value":0},{"value":409604},{"value":18446744073709551615},{"value":0},{"value":0},{"value":0},{"value":0},{"value":0},{"value":0},{"value":0},{"value":0},{"value":0},{"value":0},{"value":0},{"value":0},{"value":0},{"value":0},{"value":0},{"value":0},{"value":0},{"value":0},{"value":0},{"value":0},{"value":0},{"value":0},{"value":0}],"flavor":"ARM_THREAD_STATE64","lr":{"value":0},"cpsr":{"value":0},"fp":{"value":0},"sp":{"value":6157725696},"esr":{"value":1442840704,"description":"(Syscall)"},"pc":{"value":6982544276},"far":{"value":0}}},{"id":4333702,"threadState":{"x":[{"value":0},{"value":8589934595},{"value":5995774350611},{"value":698202768552195},{"value":12305081303040},{"value":698202768539648},{"value":4284},{"value":0},{"value":5395},{"value":7053991936,"symbolLocation":15144,"symbol":"IOAVGetVideoTimingTable::sCEATimingData"},{"value":6158294000},{"value":6158294208},{"value":80},{"value":30975575280},{"value":288230380697862705,"symbolLocation":288230376151711745,"symbol":"OBJC_CLASS_$_AGXG16XFamilyCommandBuffer"},{"value":4546150960,"symbolLocation":0,"symbol":"OBJC_CLASS_$_AGXG16XFamilyCommandBuffer"},{"value":18446744073709551569},{"value":8819447096},{"value":0},{"value":0},{"value":4284},{"value":698202768539648},{"value":12305081303040},{"value":698202768552195},{"value":6158289504},{"value":5995774350611},{"value":8589934595},{"value":18446744073709550527},{"value":6158290816}],"flavor":"ARM_THREAD_STATE64","lr":{"value":6982365224},"cpsr":{"value":2147483648},"fp":{"value":6158289472},"sp":{"value":6158289392},"esr":{"value":1442840704,"description":"(Syscall)"},"pc":{"value":6982290484},"far":{"value":0}},"queue":"com.Metal.CommandQueueDispatch","frames":[{"imageOffset":3124,"symbol":"mach_msg2_trap","symbolLocation":8,"imageIndex":26},{"imageOffset":77864,"symbol":"mach_msg2_internal","symbolLocation":76,"imageIndex":26},{"imageOffset":12276,"symbol":"io_connect_method","symbolLocation":520,"imageIndex":30},{"imageOffset":11652,"symbol":"IOConnectCallMethod","symbolLocation":176,"imageIndex":30},{"imageOffset":119132,"symbol":"IOGPUCommandQueueSubmitCommandBuffers","symbolLocation":268,"imageIndex":31},{"imageOffset":23464,"symbol":"-[IOGPUMetalCommandQueue _submitCommandBuffers:count:]","symbolLocation":364,"imageIndex":31},{"imageOffset":23056,"symbol":"-[IOGPUMetalCommandQueue submitCommandBuffers:count:]","symbolLocation":72,"imageIndex":31},{"imageOffset":89416,"symbol":"-[_MTLCommandQueue _submitAvailableCommandBuffers]","symbolLocation":512,"imageIndex":32},{"imageOffset":113364,"symbol":"_dispatch_client_callout","symbolLocation":16,"imageIndex":33},{"imageOffset":26340,"symbol":"_dispatch_continuation_pop","symbolLocation":596,"imageIndex":33},{"imageOffset":104464,"symbol":"_dispatch_source_latch_and_call","symbolLocation":396,"imageIndex":33},{"imageOffset":99556,"symbol":"_dispatch_source_invoke","symbolLocation":844,"imageIndex":33},{"imageOffset":41808,"symbol":"_dispatch_lane_serial_drain","symbolLocation":332,"imageIndex":33},{"imageOffset":44996,"symbol":"_dispatch_lane_invoke","symbolLocation":388,"imageIndex":33},{"imageOffset":87156,"symbol":"_dispatch_root_queue_drain_deferred_wlh","symbolLocation":292,"imageIndex":33},{"imageOffset":85356,"symbol":"_dispatch_workloop_worker_thread","symbolLocation":692,"imageIndex":33},{"imageOffset":11852,"symbol":"_pthread_wqthread","symbolLocation":292,"imageIndex":34},{"imageOffset":7068,"symbol":"start_wqthread","symbolLocation":8,"imageIndex":34}]},{"id":4333703,"frames":[],"threadState":{"x":[{"value":6158872576},{"value":24083},{"value":6158336000},{"value":6158871424},{"value":5193734},{"value":1},{"value":0},{"value":0},{"value":0},{"value":0},{"value":0},{"value":0},{"value":0},{"value":0},{"value":0},{"value":0},{"value":0},{"value":0},{"value":0},{"value":0},{"value":0},{"value":0},{"value":0},{"value":0},{"value":0},{"value":0},{"value":0},{"value":0},{"value":0}],"flavor":"ARM_THREAD_STATE64","lr":{"value":0},"cpsr":{"value":0},"fp":{"value":0},"sp":{"value":6158871408},"esr":{"value":1442840704,"description":"(Syscall)"},"pc":{"value":6982544276},"far":{"value":0}}},{"id":4333704,"threadState":{"x":[{"value":0},{"value":0},{"value":2},{"value":64},{"value":6159442096},{"value":6159442228},{"value":0},{"value":0},{"value":30987681808},{"value":18446744073709551615},{"value":4517639616},{"value":8796781032,"symbolLocation":0,"symbol":"__CFRuntimeClassTables"},{"value":80},{"value":30975575280},{"value":360287974735790641,"symbolLocation":360287970189639681,"symbol":"OBJC_CLASS_$_AGXG16XFamilyCommandBuffer"},{"value":4546150960,"symbolLocation":0,"symbol":"OBJC_CLASS_$_AGXG16XFamilyCommandBuffer"},{"value":18446744073709551516},{"value":8818834096},{"value":0},{"value":31028797424},{"value":6159442228},{"value":6159442096},{"value":2},{"value":64},{"value":3758097090},{"value":1},{"value":0},{"value":112},{"value":32}],"flavor":"ARM_THREAD_STATE64","lr":{"value":7595901188},"cpsr":{"value":1610612736},"fp":{"value":6159442080},"sp":{"value":6159441936},"esr":{"value":1442840704,"description":"(Syscall)"},"pc":{"value":7053201368},"far":{"value":0}},"queue":"com.Metal.CommandQueueDispatch","frames":[{"imageOffset":126936,"symbol":"iokit_user_client_trap","symbolLocation":8,"imageIndex":30},{"imageOffset":119044,"symbol":"IOGPUCommandQueueSubmitCommandBuffers","symbolLocation":180,"imageIndex":31},{"imageOffset":23464,"symbol":"-[IOGPUMetalCommandQueue _submitCommandBuffers:count:]","symbolLocation":364,"imageIndex":31},{"imageOffset":23056,"symbol":"-[IOGPUMetalCommandQueue submitCommandBuffers:count:]","symbolLocation":72,"imageIndex":31},{"imageOffset":89416,"symbol":"-[_MTLCommandQueue _submitAvailableCommandBuffers]","symbolLocation":512,"imageIndex":32},{"imageOffset":1900192,"symbol":"__40-[_MTLCommandQueue submitCommandBuffer:]_block_invoke","symbolLocation":28,"imageIndex":32},{"imageOffset":113364,"symbol":"_dispatch_client_callout","symbolLocation":16,"imageIndex":33},{"imageOffset":72000,"symbol":"_dispatch_lane_barrier_sync_invoke_and_complete","symbolLocation":56,"imageIndex":33},{"imageOffset":1900124,"symbol":"-[_MTLCommandQueue submitCommandBuffer:]","symbolLocation":140,"imageIndex":32},{"imageOffset":267160,"symbol":"__53-[_MFXTemporalScalingEffectV4 encodeToCommandBuffer:]_block_invoke_2","symbolLocation":692,"imageIndex":35},{"imageOffset":7004,"symbol":"_dispatch_call_block_and_release","symbolLocation":32,"imageIndex":33},{"imageOffset":113364,"symbol":"_dispatch_client_callout","symbolLocation":16,"imageIndex":33},{"imageOffset":42216,"symbol":"_dispatch_lane_serial_drain","symbolLocation":740,"imageIndex":33},{"imageOffset":45048,"symbol":"_dispatch_lane_invoke","symbolLocation":440,"imageIndex":33},{"imageOffset":87156,"symbol":"_dispatch_root_queue_drain_deferred_wlh","symbolLocation":292,"imageIndex":33},{"imageOffset":85356,"symbol":"_dispatch_workloop_worker_thread","symbolLocation":692,"imageIndex":33},{"imageOffset":11852,"symbol":"_pthread_wqthread","symbolLocation":292,"imageIndex":34},{"imageOffset":7068,"symbol":"start_wqthread","symbolLocation":8,"imageIndex":34}]},{"id":4333710,"name":"com.apple.NSEventThread","threadState":{"x":[{"value":268451845},{"value":21592279046},{"value":8589934592},{"value":107765024423936},{"value":0},{"value":107765024423936},{"value":2},{"value":4294967295},{"value":0},{"value":17179869184},{"value":0},{"value":2},{"value":0},{"value":0},{"value":25091},{"value":0},{"value":18446744073709551569},{"value":8819447088},{"value":0},{"value":4294967295},{"value":2},{"value":107765024423936},{"value":0},{"value":107765024423936},{"value":6160015496},{"value":8589934592},{"value":21592279046},{"value":18446744073709550527},{"value":4412409862,"symbolLocation":22766100,"symbol":"nv::cloth::gSimd4iZero"}],"flavor":"ARM_THREAD_STATE64","lr":{"value":6982365224},"cpsr":{"value":0},"fp":{"value":6160015344},"sp":{"value":6160015264},"esr":{"value":1442840704,"description":"(Syscall)"},"pc":{"value":6982290484},"far":{"value":0}},"frames":[{"imageOffset":3124,"symbol":"mach_msg2_trap","symbolLocation":8,"imageIndex":26},{"imageOffset":77864,"symbol":"mach_msg2_internal","symbolLocation":76,"imageIndex":26},{"imageOffset":39308,"symbol":"mach_msg_overwrite","symbolLocation":484,"imageIndex":26},{"imageOffset":4020,"symbol":"mach_msg","symbolLocation":24,"imageIndex":26},{"imageOffset":392112,"symbol":"__CFRunLoopServiceMachPort","symbolLocation":160,"imageIndex":36},{"imageOffset":386312,"symbol":"__CFRunLoopRun","symbolLocation":1188,"imageIndex":36},{"imageOffset":1150780,"symbol":"_CFRunLoopRunSpecificWithOptions","symbolLocation":532,"imageIndex":36},{"imageOffset":719412,"symbol":"_NSEventThread","symbolLocation":184,"imageIndex":37},{"imageOffset":27656,"symbol":"_pthread_start","symbolLocation":136,"imageIndex":34},{"imageOffset":7080,"symbol":"thread_start","symbolLocation":8,"imageIndex":34}]},{"id":4333735,"name":"redIOWorker0","threadState":{"x":[{"value":260},{"value":0},{"value":844032},{"value":0},{"value":0},{"value":65705},{"value":0},{"value":0},{"value":6162165144},{"value":0},{"value":255488},{"value":1097312604775938},{"value":1097312604775938},{"value":255488},{"value":0},{"value":1097312604775936},{"value":305},{"value":8819445208},{"value":0},{"value":481665024352},{"value":481665024416},{"value":6162165984},{"value":0},{"value":0},{"value":844032},{"value":844033},{"value":844288},{"value":481665024352},{"value":566939936856}],"flavor":"ARM_THREAD_STATE64","lr":{"value":6982566108},"cpsr":{"value":1610612736},"fp":{"value":6162165264},"sp":{"value":6162165120},"esr":{"value":1442840704,"description":"(Syscall)"},"pc":{"value":6982305016},"far":{"value":0}},"frames":[{"imageOffset":17656,"symbol":"__psynch_cvwait","symbolLocation":8,"imageIndex":26},{"imageOffset":28892,"symbol":"_pthread_cond_wait","symbolLocation":984,"imageIndex":34},{"imageOffset":68726032,"imageIndex":0},{"imageOffset":16904,"imageIndex":0},{"imageOffset":27656,"symbol":"_pthread_start","symbolLocation":136,"imageIndex":34},{"imageOffset":7080,"symbol":"thread_start","symbolLocation":8,"imageIndex":34}]},{"id":4333736,"name":"redDispatcher1","threadState":{"x":[{"value":567115857920},{"value":6163262376},{"value":42},{"value":0},{"value":0},{"value":4327488352},{"value":0},{"value":0},{"value":769},{"value":567116892680},{"value":42},{"value":567121152064},{"value":567116869544},{"value":4423330658,"symbolLocation":8614,"symbol":"kHashSizes"},{"value":4326538828},{"value":14},{"value":8},{"value":30986252288},{"value":0},{"value":6163262800},{"value":6163262800},{"value":481588537024},{"value":16},{"value":6163262808},{"value":6163262744},{"value":96},{"value":48},{"value":1},{"value":5}],"flavor":"ARM_THREAD_STATE64","lr":{"value":4326582680},"cpsr":{"value":2147483648},"fp":{"value":6163262352},"sp":{"value":6163262352},"esr":{"value":1442840704,"description":"(Syscall)"},"pc":{"value":4326538836},"far":{"value":0}},"frames":[{"imageOffset":15679060,"imageIndex":0},{"imageOffset":15722904,"imageIndex":0},{"imageOffset":17668568,"imageIndex":0},{"imageOffset":15745784,"imageIndex":0},{"imageOffset":15737184,"imageIndex":0},{"imageOffset":10325628,"imageIndex":0},{"imageOffset":10322356,"imageIndex":0},{"imageOffset":10338072,"imageIndex":0},{"imageOffset":16904,"imageIndex":0},{"imageOffset":27656,"symbol":"_pthread_start","symbolLocation":136,"imageIndex":34},{"imageOffset":7080,"symbol":"thread_start","symbolLocation":8,"imageIndex":34}]},{"id":4333737,"name":"redDispatcher2","threadState":{"x":[{"value":14},{"value":18446744073709551615},{"value":6164361023},{"value":6325992336},{"value":560892739536},{"value":32},{"value":4387227867507427140},{"value":1},{"value":46347},{"value":18446744073709551615},{"value":25769803776},{"value":63},{"value":31},{"value":30975949280},{"value":360287974735792845,"symbolLocation":360287970189639685,"symbol":"OBJC_CLASS_$_AGXG16XFamilyBuffer"},{"value":4546153160,"symbolLocation":0,"symbol":"OBJC_CLASS_$_AGXG16XFamilyBuffer"},{"value":18446744073709551580},{"value":8819449592},{"value":0},{"value":30990295952},{"value":30990295888},{"value":18446744073709551615},{"value":30975041592},{"value":2},{"value":48},{"value":0},{"value":0},{"value":0},{"value":0}],"flavor":"ARM_THREAD_STATE64","lr":{"value":6980749712},"cpsr":{"value":1610612736},"fp":{"value":6164360784},"sp":{"value":6164360768},"esr":{"value":1442840704,"description":"(Syscall)"},"pc":{"value":6982290352},"far":{"value":0}},"frames":[{"imageOffset":2992,"symbol":"semaphore_wait_trap","symbolLocation":8,"imageIndex":26},{"imageOffset":14736,"symbol":"_dispatch_sema4_wait","symbolLocation":28,"imageIndex":33},{"imageOffset":16192,"symbol":"_dispatch_semaphore_wait_slow","symbolLocation":132,"imageIndex":33},{"imageOffset":10337028,"imageIndex":0},{"imageOffset":10335172,"imageIndex":0},{"imageOffset":10337948,"imageIndex":0},{"imageOffset":16904,"imageIndex":0},{"imageOffset":27656,"symbol":"_pthread_start","symbolLocation":136,"imageIndex":34},{"imageOffset":7080,"symbol":"thread_start","symbolLocation":8,"imageIndex":34}]},{"id":4333738,"name":"redDispatcher3","threadState":{"x":[{"value":481565902032},{"value":0},{"value":0},{"value":481565902072},{"value":481565051784},{"value":481664631352},{"value":0},{"value":1027},{"value":285984},{"value":288424},{"value":286024},{"value":3},{"value":4294967288},{"value":1},{"value":1},{"value":4227074},{"value":6982602832,"symbolLocation":0,"symbol":"__bzero"},{"value":6165458944},{"value":0},{"value":498547546784},{"value":0},{"value":4803526664},{"value":498654498304},{"value":4803526976},{"value":481565902032},{"value":52},{"value":312},{"value":6165458304},{"value":1800}],"flavor":"ARM_THREAD_STATE64","lr":{"value":4328746740},"cpsr":{"value":1610612736},"fp":{"value":6165458432},"sp":{"value":6165458128},"esr":{"value":1442840704,"description":"(Syscall)"},"pc":{"value":6982603108},"far":{"value":0}},"frames":[{"imageOffset":12644,"symbol":"_platform_memset","symbolLocation":180,"imageIndex":27},{"imageOffset":17886964,"imageIndex":0},{"imageOffset":17909268,"imageIndex":0},{"imageOffset":10322356,"imageIndex":0},{"imageOffset":10338072,"imageIndex":0},{"imageOffset":16904,"imageIndex":0},{"imageOffset":27656,"symbol":"_pthread_start","symbolLocation":136,"imageIndex":34},{"imageOffset":7080,"symbol":"thread_start","symbolLocation":8,"imageIndex":34}]},{"id":4333739,"name":"redDispatcher4","threadState":{"x":[{"value":14},{"value":18446744073709551615},{"value":6166556479},{"value":1},{"value":4433597184},{"value":481664631528},{"value":14288157901243328},{"value":3326720},{"value":46347},{"value":18446744073709551615},{"value":0},{"value":2149151},{"value":2149150},{"value":20},{"value":4326538772},{"value":0},{"value":18446744073709551580},{"value":8819449592},{"value":0},{"value":30990295952},{"value":30990295888},{"value":18446744073709551615},{"value":30975033400},{"value":2},{"value":48},{"value":0},{"value":0},{"value":0},{"value":0}],"flavor":"ARM_THREAD_STATE64","lr":{"value":6980749712},"cpsr":{"value":1610612736},"fp":{"value":6166556240},"sp":{"value":6166556224},"esr":{"value":1442840704,"description":"(Syscall)"},"pc":{"value":6982290352},"far":{"value":0}},"frames":[{"imageOffset":2992,"symbol":"semaphore_wait_trap","symbolLocation":8,"imageIndex":26},{"imageOffset":14736,"symbol":"_dispatch_sema4_wait","symbolLocation":28,"imageIndex":33},{"imageOffset":16192,"symbol":"_dispatch_semaphore_wait_slow","symbolLocation":132,"imageIndex":33},{"imageOffset":10337028,"imageIndex":0},{"imageOffset":10335172,"imageIndex":0},{"imageOffset":10337948,"imageIndex":0},{"imageOffset":16904,"imageIndex":0},{"imageOffset":27656,"symbol":"_pthread_start","symbolLocation":136,"imageIndex":34},{"imageOffset":7080,"symbol":"thread_start","symbolLocation":8,"imageIndex":34}]},{"id":4333740,"name":"redDispatcher5","threadState":{"x":[{"value":14},{"value":18446744073709551615},{"value":6167654207},{"value":1},{"value":4433597184},{"value":481664631704},{"value":24},{"value":18},{"value":46347},{"value":18446744073709551615},{"value":8589934592},{"value":2149123},{"value":2149122},{"value":4038140238},{"value":13312},{"value":4546152480,"symbolLocation":0,"symbol":"OBJC_CLASS_$_AGXG16XFamilyTexture"},{"value":18446744073709551580},{"value":8819449592},{"value":0},{"value":30990295952},{"value":30990295888},{"value":18446744073709551615},{"value":30951395384},{"value":2},{"value":48},{"value":0},{"value":0},{"value":0},{"value":0}],"flavor":"ARM_THREAD_STATE64","lr":{"value":6980749712},"cpsr":{"value":1610612736},"fp":{"value":6167653968},"sp":{"value":6167653952},"esr":{"value":1442840704,"description":"(Syscall)"},"pc":{"value":6982290352},"far":{"value":0}},"frames":[{"imageOffset":2992,"symbol":"semaphore_wait_trap","symbolLocation":8,"imageIndex":26},{"imageOffset":14736,"symbol":"_dispatch_sema4_wait","symbolLocation":28,"imageIndex":33},{"imageOffset":16192,"symbol":"_dispatch_semaphore_wait_slow","symbolLocation":132,"imageIndex":33},{"imageOffset":10337028,"imageIndex":0},{"imageOffset":10335172,"imageIndex":0},{"imageOffset":10337948,"imageIndex":0},{"imageOffset":16904,"imageIndex":0},{"imageOffset":27656,"symbol":"_pthread_start","symbolLocation":136,"imageIndex":34},{"imageOffset":7080,"symbol":"thread_start","symbolLocation":8,"imageIndex":34}]},{"id":4333741,"name":"redDispatcher6","threadState":{"x":[{"value":30995476376},{"value":6168747616},{"value":6168747648},{"value":6168747612},{"value":6168747608},{"value":6168747604},{"value":6168747603},{"value":30985895936},{"value":0},{"value":0},{"value":30897535280},{"value":6168747684},{"value":24},{"value":256},{"value":1102901216896},{"value":31029515936},{"value":17904},{"value":11844714750},{"value":0},{"value":30893003688},{"value":6419611828},{"value":30893003688},{"value":0},{"value":0},{"value":0},{"value":6168749888},{"value":144},{"value":498227760400},{"value":6168750888}],"flavor":"ARM_THREAD_STATE64","lr":{"value":4540133892},"cpsr":{"value":2147483648},"fp":{"value":6168747552},"sp":{"value":6168747472},"esr":{"value":1442840704,"description":"(Syscall)"},"pc":{"value":4545369416},"far":{"value":0}},"frames":[{"imageOffset":8000840,"symbol":"AGX::ResourceGroupUsage<AGX::HAL200::Encoders, AGX::HAL200::Classes, AGX::HAL200::ObjClasses>::getUsedResourceGroupsAndWriteRanges(AGX::HAL200::ResourceGroupUsageList&, AGXResourceGroupWriteRange (&) [16], unsigned int&, unsigned int&, unsigned int&, bool&)","symbolLocation":256,"imageIndex":12},{"imageOffset":2765316,"symbol":"AGX::ContextCommon<AGX::HAL200::Encoders, AGX::HAL200::Classes, AGX::HAL200::ObjClasses, AGX::HAL200::DataBufferAllocator>::endCommand()","symbolLocation":196,"imageIndex":12},{"imageOffset":2442564,"symbol":"AGX::BlitDispatchContext<AGX::HAL200::Encoders, AGX::HAL200::Classes, AGX::HAL200::ObjClasses>::endPreviousBlitCommand(bool)","symbolLocation":680,"imageIndex":12},{"imageOffset":2473820,"symbol":"AGX::BlitDispatchContext<AGX::HAL200::Encoders, AGX::HAL200::Classes, AGX::HAL200::ObjClasses>::commit()","symbolLocation":32,"imageIndex":12},{"imageOffset":2432364,"symbol":"-[AGXG16XFamilyBlitContext deferredEndEncoding]","symbolLocation":64,"imageIndex":12},{"imageOffset":2542364,"symbol":"-[AGXG16XFamilyCommandBuffer commitEncoder]","symbolLocation":72,"imageIndex":12},{"imageOffset":2547624,"symbol":"-[AGXG16XFamilyCommandBuffer renderCommandEncoderWithDescriptor:]","symbolLocation":104,"imageIndex":12},{"imageOffset":29454952,"imageIndex":0},{"imageOffset":29570204,"imageIndex":0},{"imageOffset":29572620,"imageIndex":0},{"imageOffset":15092508,"imageIndex":0},{"imageOffset":15086280,"imageIndex":0},{"imageOffset":17583668,"imageIndex":0},{"imageOffset":17551892,"imageIndex":0},{"imageOffset":10322356,"imageIndex":0},{"imageOffset":10338072,"imageIndex":0},{"imageOffset":16904,"imageIndex":0},{"imageOffset":27656,"symbol":"_pthread_start","symbolLocation":136,"imageIndex":34},{"imageOffset":7080,"symbol":"thread_start","symbolLocation":8,"imageIndex":34}]},{"id":4333742,"name":"redDispatcher7","threadState":{"x":[{"value":14},{"value":18446744073709551615},{"value":6169849663},{"value":6169849480},{"value":4433597184},{"value":481664632056},{"value":107},{"value":18},{"value":46347},{"value":18446744073709551615},{"value":17179869184},{"value":6547015},{"value":6547014},{"value":14963915685470151731},{"value":481612438000},{"value":0},{"value":18446744073709551580},{"value":8819449592},{"value":0},{"value":30990295952},{"value":30990295888},{"value":18446744073709551615},{"value":30959812664},{"value":2},{"value":48},{"value":0},{"value":0},{"value":0},{"value":0}],"flavor":"ARM_THREAD_STATE64","lr":{"value":6980749712},"cpsr":{"value":1610612736},"fp":{"value":6169849424},"sp":{"value":6169849408},"esr":{"value":1442840704,"description":"(Syscall)"},"pc":{"value":6982290352},"far":{"value":0}},"frames":[{"imageOffset":2992,"symbol":"semaphore_wait_trap","symbolLocation":8,"imageIndex":26},{"imageOffset":14736,"symbol":"_dispatch_sema4_wait","symbolLocation":28,"imageIndex":33},{"imageOffset":16192,"symbol":"_dispatch_semaphore_wait_slow","symbolLocation":132,"imageIndex":33},{"imageOffset":10337028,"imageIndex":0},{"imageOffset":10335172,"imageIndex":0},{"imageOffset":10337948,"imageIndex":0},{"imageOffset":16904,"imageIndex":0},{"imageOffset":27656,"symbol":"_pthread_start","symbolLocation":136,"imageIndex":34},{"imageOffset":7080,"symbol":"thread_start","symbolLocation":8,"imageIndex":34}]},{"id":4333743,"name":"redDispatcher8","threadState":{"x":[{"value":14},{"value":18446744073709551615},{"value":6170947391},{"value":1},{"value":4433597184},{"value":481664632232},{"value":6170942248},{"value":0},{"value":46347},{"value":18446744073709551615},{"value":4294967296},{"value":2149152},{"value":2149151},{"value":0},{"value":6},{"value":68},{"value":18446744073709551580},{"value":8819449592},{"value":0},{"value":30990295952},{"value":30990295888},{"value":18446744073709551615},{"value":30972334136},{"value":2},{"value":48},{"value":0},{"value":0},{"value":0},{"value":0}],"flavor":"ARM_THREAD_STATE64","lr":{"value":6980749712},"cpsr":{"value":1610612736},"fp":{"value":6170947152},"sp":{"value":6170947136},"esr":{"value":1442840704,"description":"(Syscall)"},"pc":{"value":6982290352},"far":{"value":0}},"frames":[{"imageOffset":2992,"symbol":"semaphore_wait_trap","symbolLocation":8,"imageIndex":26},{"imageOffset":14736,"symbol":"_dispatch_sema4_wait","symbolLocation":28,"imageIndex":33},{"imageOffset":16192,"symbol":"_dispatch_semaphore_wait_slow","symbolLocation":132,"imageIndex":33},{"imageOffset":10337028,"imageIndex":0},{"imageOffset":10335172,"imageIndex":0},{"imageOffset":10337948,"imageIndex":0},{"imageOffset":16904,"imageIndex":0},{"imageOffset":27656,"symbol":"_pthread_start","symbolLocation":136,"imageIndex":34},{"imageOffset":7080,"symbol":"thread_start","symbolLocation":8,"imageIndex":34}]},{"id":4333744,"name":"redDispatcher9","threadState":{"x":[{"value":567115857920},{"value":6172043656},{"value":57},{"value":0},{"value":0},{"value":18},{"value":24},{"value":18},{"value":778},{"value":567117253640},{"value":57},{"value":567121152064},{"value":567117234152},{"value":4423330658,"symbolLocation":8614,"symbol":"kHashSizes"},{"value":4326538828},{"value":14},{"value":8},{"value":30971179008},{"value":0},{"value":6172044624},{"value":6172044108},{"value":2},{"value":6172043824},{"value":6172044192},{"value":6172044164},{"value":6172044160},{"value":6172044176},{"value":6172044172},{"value":6172044184}],"flavor":"ARM_THREAD_STATE64","lr":{"value":4326582680},"cpsr":{"value":2147483648},"fp":{"value":6172043632},"sp":{"value":6172043632},"esr":{"value":1442840704,"description":"(Syscall)"},"pc":{"value":4326538836},"far":{"value":0}},"frames":[{"imageOffset":15679060,"imageIndex":0},{"imageOffset":15722904,"imageIndex":0},{"imageOffset":15371832,"imageIndex":0},{"imageOffset":15745784,"imageIndex":0},{"imageOffset":15737184,"imageIndex":0},{"imageOffset":10325628,"imageIndex":0},{"imageOffset":10322356,"imageIndex":0},{"imageOffset":10338072,"imageIndex":0},{"imageOffset":16904,"imageIndex":0},{"imageOffset":27656,"symbol":"_pthread_start","symbolLocation":136,"imageIndex":34},{"imageOffset":7080,"symbol":"thread_start","symbolLocation":8,"imageIndex":34}]},{"id":4333745,"name":"redDispatcher10","threadState":{"x":[{"value":567115857920},{"value":6173141848},{"value":63},{"value":0},{"value":0},{"value":0},{"value":24},{"value":18},{"value":784},{"value":567117398024},{"value":63},{"value":567121152064},{"value":567117375560},{"value":4423330658,"symbolLocation":8614,"symbol":"kHashSizes"},{"value":4326538828},{"value":14},{"value":8},{"value":30971183104},{"value":0},{"value":6173142352},{"value":7},{"value":0},{"value":0},{"value":0},{"value":1},{"value":180},{"value":48},{"value":1},{"value":5}],"flavor":"ARM_THREAD_STATE64","lr":{"value":4326582680},"cpsr":{"value":2147483648},"fp":{"value":6173141824},"sp":{"value":6173141824},"esr":{"value":1442840704,"description":"(Syscall)"},"pc":{"value":4326538836},"far":{"value":0}},"frames":[{"imageOffset":15679060,"imageIndex":0},{"imageOffset":15722904,"imageIndex":0},{"imageOffset":15397348,"imageIndex":0},{"imageOffset":17668916,"imageIndex":0},{"imageOffset":15745784,"imageIndex":0},{"imageOffset":15737184,"imageIndex":0},{"imageOffset":10325628,"imageIndex":0},{"imageOffset":10322356,"imageIndex":0},{"imageOffset":10338072,"imageIndex":0},{"imageOffset":16904,"imageIndex":0},{"imageOffset":27656,"symbol":"_pthread_start","symbolLocation":136,"imageIndex":34},{"imageOffset":7080,"symbol":"thread_start","symbolLocation":8,"imageIndex":34}]},{"id":4333746,"name":"redDispatcher11","threadState":{"x":[{"value":567115857920},{"value":6174239048},{"value":59},{"value":0},{"value":0},{"value":1},{"value":24},{"value":18},{"value":5},{"value":567117301768},{"value":59},{"value":76},{"value":567117281344},{"value":35},{"value":4326538828},{"value":14},{"value":8},{"value":30971187200},{"value":0},{"value":6174239280},{"value":6174240080},{"value":6174239312},{"value":6174239600},{"value":6174239648},{"value":6174239424},{"value":6174239408},{"value":6174239392},{"value":6174239376},{"value":6174239360}],"flavor":"ARM_THREAD_STATE64","lr":{"value":4326582680},"cpsr":{"value":1610612736},"fp":{"value":6174239024},"sp":{"value":6174239024},"esr":{"value":1442840704,"description":"(Syscall)"},"pc":{"value":4326538712},"far":{"value":0}},"frames":[{"imageOffset":15678936,"imageIndex":0},{"imageOffset":15722904,"imageIndex":0},{"imageOffset":16785196,"imageIndex":0},{"imageOffset":16780452,"imageIndex":0},{"imageOffset":15745784,"imageIndex":0},{"imageOffset":15737184,"imageIndex":0},{"imageOffset":10325628,"imageIndex":0},{"imageOffset":10322356,"imageIndex":0},{"imageOffset":10338072,"imageIndex":0},{"imageOffset":16904,"imageIndex":0},{"imageOffset":27656,"symbol":"_pthread_start","symbolLocation":136,"imageIndex":34},{"imageOffset":7080,"symbol":"thread_start","symbolLocation":8,"imageIndex":34}]},{"id":4333747,"name":"redDispatcher12","threadState":{"x":[{"value":14},{"value":18446744073709551615},{"value":6175338303},{"value":1},{"value":4433597184},{"value":481664632936},{"value":17179869194},{"value":0},{"value":46347},{"value":18446744073709551615},{"value":12884901888},{"value":2149122},{"value":2149121},{"value":0},{"value":3},{"value":67116203},{"value":18446744073709551580},{"value":8819449592},{"value":0},{"value":30990295952},{"value":30990295888},{"value":18446744073709551615},{"value":30959820856},{"value":2},{"value":48},{"value":0},{"value":0},{"value":0},{"value":0}],"flavor":"ARM_THREAD_STATE64","lr":{"value":6980749712},"cpsr":{"value":1610612736},"fp":{"value":6175338064},"sp":{"value":6175338048},"esr":{"value":1442840704,"description":"(Syscall)"},"pc":{"value":6982290352},"far":{"value":0}},"frames":[{"imageOffset":2992,"symbol":"semaphore_wait_trap","symbolLocation":8,"imageIndex":26},{"imageOffset":14736,"symbol":"_dispatch_sema4_wait","symbolLocation":28,"imageIndex":33},{"imageOffset":16192,"symbol":"_dispatch_semaphore_wait_slow","symbolLocation":132,"imageIndex":33},{"imageOffset":10337028,"imageIndex":0},{"imageOffset":10335172,"imageIndex":0},{"imageOffset":10337948,"imageIndex":0},{"imageOffset":16904,"imageIndex":0},{"imageOffset":27656,"symbol":"_pthread_start","symbolLocation":136,"imageIndex":34},{"imageOffset":7080,"symbol":"thread_start","symbolLocation":8,"imageIndex":34}]},{"id":4333748,"name":"redDispatcher13","threadState":{"x":[{"value":14},{"value":18446744073709551615},{"value":6176436031},{"value":0},{"value":0},{"value":0},{"value":0},{"value":0},{"value":46347},{"value":18446744073709551615},{"value":21474836480},{"value":4423330672,"symbolLocation":8628,"symbol":"kHashSizes"},{"value":4326539068},{"value":35},{"value":4326538828},{"value":14},{"value":18446744073709551580},{"value":8819449592},{"value":0},{"value":30990295952},{"value":30990295888},{"value":18446744073709551615},{"value":30959816760},{"value":2},{"value":48},{"value":0},{"value":0},{"value":0},{"value":0}],"flavor":"ARM_THREAD_STATE64","lr":{"value":6980749712},"cpsr":{"value":1610612736},"fp":{"value":6176435792},"sp":{"value":6176435776},"esr":{"value":1442840704,"description":"(Syscall)"},"pc":{"value":6982290352},"far":{"value":0}},"frames":[{"imageOffset":2992,"symbol":"semaphore_wait_trap","symbolLocation":8,"imageIndex":26},{"imageOffset":14736,"symbol":"_dispatch_sema4_wait","symbolLocation":28,"imageIndex":33},{"imageOffset":16192,"symbol":"_dispatch_semaphore_wait_slow","symbolLocation":132,"imageIndex":33},{"imageOffset":10337028,"imageIndex":0},{"imageOffset":10335172,"imageIndex":0},{"imageOffset":10337948,"imageIndex":0},{"imageOffset":16904,"imageIndex":0},{"imageOffset":27656,"symbol":"_pthread_start","symbolLocation":136,"imageIndex":34},{"imageOffset":7080,"symbol":"thread_start","symbolLocation":8,"imageIndex":34}]},{"id":4333749,"name":"redDispatcher14","threadState":{"x":[{"value":481588709152},{"value":6177533264},{"value":6177533208},{"value":4328533064},{"value":6177532160},{"value":0},{"value":24},{"value":18},{"value":4328549500},{"value":7885337993596960973},{"value":4294967295},{"value":5294152},{"value":2042972289},{"value":4423330658,"symbolLocation":8614,"symbol":"kHashSizes"},{"value":4326538796},{"value":6},{"value":6982544300,"symbolLocation":0,"symbol":"___chkstk_darwin"},{"value":30971199488},{"value":0},{"value":6177533208},{"value":6177533264},{"value":481588709152},{"value":0},{"value":6177533272},{"value":6177533208},{"value":56},{"value":48},{"value":1},{"value":5}],"flavor":"ARM_THREAD_STATE64","lr":{"value":4328516620},"cpsr":{"value":536872960},"fp":{"value":6177532944},"sp":{"value":6177532768},"esr":{"value":1442840704,"description":"(Syscall)"},"pc":{"value":4328549500},"far":{"value":0}},"frames":[{"imageOffset":17689724,"imageIndex":0},{"imageOffset":17656844,"imageIndex":0},{"imageOffset":15745784,"imageIndex":0},{"imageOffset":15737184,"imageIndex":0},{"imageOffset":10325628,"imageIndex":0},{"imageOffset":10322356,"imageIndex":0},{"imageOffset":10338072,"imageIndex":0},{"imageOffset":16904,"imageIndex":0},{"imageOffset":27656,"symbol":"_pthread_start","symbolLocation":136,"imageIndex":34},{"imageOffset":7080,"symbol":"thread_start","symbolLocation":8,"imageIndex":34}]},{"triggered":true,"id":4333750,"name":"redDispatcher15","threadState":{"x":[{"value":4375509720},{"value":498672208008},{"value":498672208112},{"value":1},{"value":30896368384},{"value":0},{"value":18446744072631617535},{"value":18446726482597246976},{"value":11},{"value":10448566638323257332},{"value":10448566652349276144},{"value":14026018812},{"value":1311094563032644264},{"value":1311076964404146272},{"value":112640},{"value":47},{"value":10749247916499610240},{"value":13389846624},{"value":0},{"value":498672208112},{"value":498672208008},{"value":4375509720},{"value":1},{"value":6982019099,"symbolLocation":0,"symbol":"std::nothrow"},{"value":30896368256},{"value":6178630808},{"value":6178630872},{"value":6178630736},{"value":4427824712,"symbolLocation":1020144,"symbol":"game::GetPhotoModeDlcTweakId(red::StringView, red::StringView)::c_prefix"}],"flavor":"ARM_THREAD_STATE64","lr":{"value":4341610016},"cpsr":{"value":0},"fp":{"value":6178630544},"sp":{"value":6178630400},"esr":{"value":2449473540,"description":"(Data Abort) byte read Translation fault"},"pc":{"value":4341599524,"matchesCrashFrame":1},"far":{"value":10448566638323257332}},"frames":[{"imageOffset":30739748,"imageIndex":0},{"imageOffset":30750240,"imageIndex":0},{"imageOffset":30749548,"imageIndex":0},{"imageOffset":30852364,"imageIndex":0},{"imageOffset":66895144,"imageIndex":0},{"imageOffset":64560060,"imageIndex":0},{"imageOffset":64559816,"symbol":"job::prv::JobShim<SystemsUpdater::Node::LinkJob_NoFence(job::Builder&, UpdateContext const&) const::'lambda'(job::RunContext const&), job::PoolJobs2Data>::RunJob(void*, job::RunContext const&)","symbolLocation":52,"imageIndex":0},{"imageOffset":10322356,"imageIndex":0},{"imageOffset":10338072,"imageIndex":0},{"imageOffset":16904,"imageIndex":0},{"imageOffset":27656,"symbol":"_pthread_start","symbolLocation":136,"imageIndex":34},{"imageOffset":7080,"symbol":"thread_start","symbolLocation":8,"imageIndex":34}]},{"id":4333779,"frames":[{"imageOffset":17656,"symbol":"__psynch_cvwait","symbolLocation":8,"imageIndex":26},{"imageOffset":28892,"symbol":"_pthread_cond_wait","symbolLocation":984,"imageIndex":34},{"imageOffset":141140,"symbol":"std::__1::condition_variable::wait(std::__1::unique_lock<std::__1::mutex>&)","symbolLocation":32,"imageIndex":38},{"imageOffset":929160,"symbol":"gog::LoggingCore::TrafficThreadFunction()","symbolLocation":152,"imageIndex":5},{"imageOffset":980904,"symbol":"void* std::__1::__thread_proxy[abi:ne180100]<std::__1::tuple<std::__1::unique_ptr<std::__1::__thread_struct, std::__1::default_delete<std::__1::__thread_struct>>, std::__1::function<void ()>>>(void*)","symbolLocation":64,"imageIndex":5},{"imageOffset":27656,"symbol":"_pthread_start","symbolLocation":136,"imageIndex":34},{"imageOffset":7080,"symbol":"thread_start","symbolLocation":8,"imageIndex":34}],"threadState":{"x":[{"value":260},{"value":0},{"value":0},{"value":0},{"value":0},{"value":160},{"value":0},{"value":0},{"value":6179204680},{"value":0},{"value":0},{"value":2},{"value":2},{"value":0},{"value":0},{"value":0},{"value":305},{"value":8819445208},{"value":0},{"value":30995448112},{"value":30995448176},{"value":6179205344},{"value":0},{"value":0},{"value":0},{"value":1},{"value":256},{"value":1},{"value":18446744073709551615}],"flavor":"ARM_THREAD_STATE64","lr":{"value":6982566108},"cpsr":{"value":1610612736},"fp":{"value":6179204800},"sp":{"value":6179204656},"esr":{"value":1442840704,"description":"(Syscall)"},"pc":{"value":6982305016},"far":{"value":0}}},{"id":4333782,"frames":[{"imageOffset":17656,"symbol":"__psynch_cvwait","symbolLocation":8,"imageIndex":26},{"imageOffset":28892,"symbol":"_pthread_cond_wait","symbolLocation":984,"imageIndex":34},{"imageOffset":141292,"symbol":"std::__1::condition_variable::__do_timed_wait(std::__1::unique_lock<std::__1::mutex>&, std::__1::chrono::time_point<std::__1::chrono::system_clock, std::__1::chrono::duration<long long, std::__1::ratio<1l, 1000000000l>>>)","symbolLocation":104,"imageIndex":38},{"imageOffset":5552344,"symbol":"std::__1::cv_status std::__1::condition_variable::wait_for<unsigned long long, std::__1::ratio<1l, 1000000l>>(std::__1::unique_lock<std::__1::mutex>&, std::__1::chrono::duration<unsigned long long, std::__1::ratio<1l, 1000000l>> const&)","symbolLocation":332,"imageIndex":5},{"imageOffset":5551892,"symbol":"galaxy::peer::InternalThread::SleepIfNotNotifed(gog::TimeInterval const&)","symbolLocation":116,"imageIndex":5},{"imageOffset":5553984,"symbol":"galaxy::peer::InternalThread::Run()","symbolLocation":1556,"imageIndex":5},{"imageOffset":5566500,"symbol":"galaxy::peer::InternalThread::InternalThread(std::__1::shared_ptr<gog::ILoggerRoot> const&, galaxy::peer::GalaxyPeerApplication*, boost::optional<std::__1::basic_string<char, std::__1::char_traits<char>, std::__1::allocator<char>>>)::$_0::operator()() const","symbolLocation":28,"imageIndex":5},{"imageOffset":5566460,"symbol":"decltype(std::declval<galaxy::peer::InternalThread::InternalThread(std::__1::shared_ptr<gog::ILoggerRoot> const&, galaxy::peer::GalaxyPeerApplication*, boost::optional<std::__1::basic_string<char, std::__1::char_traits<char>, std::__1::allocator<char>>>)::$_0&>()()) std::__1::__invoke[abi:de180100]<galaxy::peer::InternalThread::InternalThread(std::__1::shared_ptr<gog::ILoggerRoot> const&, galaxy::peer::GalaxyPeerApplication*, boost::optional<std::__1::basic_string<char, std::__1::char_traits<char>, std::__1::allocator<char>>>)::$_0&>(galaxy::peer::InternalThread::InternalThread(std::__1::shared_ptr<gog::ILoggerRoot> const&, galaxy::peer::GalaxyPeerApplication*, boost::optional<std::__1::basic_string<char, std::__1::char_traits<char>, std::__1::allocator<char>>>)::$_0&)","symbolLocation":24,"imageIndex":5},{"imageOffset":5566388,"symbol":"void std::__1::__invoke_void_return_wrapper<void, true>::__call[abi:de180100]<galaxy::peer::InternalThread::InternalThread(std::__1::shared_ptr<gog::ILoggerRoot> const&, galaxy::peer::GalaxyPeerApplication*, boost::optional<std::__1::basic_string<char, std::__1::char_traits<char>, std::__1::allocator<char>>>)::$_0&>(galaxy::peer::InternalThread::InternalThread(std::__1::shared_ptr<gog::ILoggerRoot> const&, galaxy::peer::GalaxyPeerApplication*, boost::optional<std::__1::basic_string<char, std::__1::char_traits<char>, std::__1::allocator<char>>>)::$_0&)","symbolLocation":24,"imageIndex":5},{"imageOffset":5566352,"symbol":"std::__1::__function::__alloc_func<galaxy::peer::InternalThread::InternalThread(std::__1::shared_ptr<gog::ILoggerRoot> const&, galaxy::peer::GalaxyPeerApplication*, boost::optional<std::__1::basic_string<char, std::__1::char_traits<char>, std::__1::allocator<char>>>)::$_0, std::__1::allocator<galaxy::peer::InternalThread::InternalThread(std::__1::shared_ptr<gog::ILoggerRoot> const&, galaxy::peer::GalaxyPeerApplication*, boost::optional<std::__1::basic_string<char, std::__1::char_traits<char>, std::__1::allocator<char>>>)::$_0>, void ()>::operator()[abi:de180100]()","symbolLocation":28,"imageIndex":5},{"imageOffset":5561844,"symbol":"std::__1::__function::__func<galaxy::peer::InternalThread::InternalThread(std::__1::shared_ptr<gog::ILoggerRoot> const&, galaxy::peer::GalaxyPeerApplication*, boost::optional<std::__1::basic_string<char, std::__1::char_traits<char>, std::__1::allocator<char>>>)::$_0, std::__1::allocator<galaxy::peer::InternalThread::InternalThread(std::__1::shared_ptr<gog::ILoggerRoot> const&, galaxy::peer::GalaxyPeerApplication*, boost::optional<std::__1::basic_string<char, std::__1::char_traits<char>, std::__1::allocator<char>>>)::$_0>, void ()>::operator()()","symbolLocation":28,"imageIndex":5},{"imageOffset":980904,"symbol":"void* std::__1::__thread_proxy[abi:ne180100]<std::__1::tuple<std::__1::unique_ptr<std::__1::__thread_struct, std::__1::default_delete<std::__1::__thread_struct>>, std::__1::function<void ()>>>(void*)","symbolLocation":64,"imageIndex":5},{"imageOffset":27656,"symbol":"_pthread_start","symbolLocation":136,"imageIndex":34},{"imageOffset":7080,"symbol":"thread_start","symbolLocation":8,"imageIndex":34}],"threadState":{"x":[{"value":316},{"value":0},{"value":0},{"value":0},{"value":0},{"value":160},{"value":0},{"value":1000000},{"value":6179774760},{"value":0},{"value":0},{"value":2},{"value":2},{"value":0},{"value":0},{"value":0},{"value":305},{"value":8819445208},{"value":0},{"value":30990079072},{"value":30990079136},{"value":6179778784},{"value":1000000},{"value":0},{"value":0},{"value":14101761},{"value":14102016},{"value":0},{"value":0}],"flavor":"ARM_THREAD_STATE64","lr":{"value":6982566108},"cpsr":{"value":1610612736},"fp":{"value":6179774880},"sp":{"value":6179774736},"esr":{"value":1442840704,"description":"(Syscall)"},"pc":{"value":6982305016},"far":{"value":0}}},{"id":4333783,"frames":[{"imageOffset":17656,"symbol":"__psynch_cvwait","symbolLocation":8,"imageIndex":26},{"imageOffset":28892,"symbol":"_pthread_cond_wait","symbolLocation":984,"imageIndex":34},{"imageOffset":141140,"symbol":"std::__1::condition_variable::wait(std::__1::unique_lock<std::__1::mutex>&)","symbolLocation":32,"imageIndex":38},{"imageOffset":699500,"symbol":"gog::AbstractHttpClient<gog::RequestContext>::ThreadFunction()","symbolLocation":140,"imageIndex":5},{"imageOffset":980904,"symbol":"void* std::__1::__thread_proxy[abi:ne180100]<std::__1::tuple<std::__1::unique_ptr<std::__1::__thread_struct, std::__1::default_delete<std::__1::__thread_struct>>, std::__1::function<void ()>>>(void*)","symbolLocation":64,"imageIndex":5},{"imageOffset":27656,"symbol":"_pthread_start","symbolLocation":136,"imageIndex":34},{"imageOffset":7080,"symbol":"thread_start","symbolLocation":8,"imageIndex":34}],"threadState":{"x":[{"value":4},{"value":0},{"value":0},{"value":0},{"value":0},{"value":160},{"value":0},{"value":0},{"value":6180351528},{"value":0},{"value":0},{"value":2},{"value":2},{"value":0},{"value":0},{"value":0},{"value":305},{"value":8819445208},{"value":0},{"value":30995448632},{"value":30995448696},{"value":6180352224},{"value":0},{"value":0},{"value":0},{"value":1},{"value":256},{"value":1},{"value":18446744073709551615}],"flavor":"ARM_THREAD_STATE64","lr":{"value":6982566108},"cpsr":{"value":1610612736},"fp":{"value":6180351648},"sp":{"value":6180351504},"esr":{"value":1442840704,"description":"(Syscall)"},"pc":{"value":6982305016},"far":{"value":0}}},{"id":4333784,"frames":[{"imageOffset":17656,"symbol":"__psynch_cvwait","symbolLocation":8,"imageIndex":26},{"imageOffset":28892,"symbol":"_pthread_cond_wait","symbolLocation":984,"imageIndex":34},{"imageOffset":141140,"symbol":"std::__1::condition_variable::wait(std::__1::unique_lock<std::__1::mutex>&)","symbolLocation":32,"imageIndex":38},{"imageOffset":699500,"symbol":"gog::AbstractHttpClient<gog::RequestContext>::ThreadFunction()","symbolLocation":140,"imageIndex":5},{"imageOffset":980904,"symbol":"void* std::__1::__thread_proxy[abi:ne180100]<std::__1::tuple<std::__1::unique_ptr<std::__1::__thread_struct, std::__1::default_delete<std::__1::__thread_struct>>, std::__1::function<void ()>>>(void*)","symbolLocation":64,"imageIndex":5},{"imageOffset":27656,"symbol":"_pthread_start","symbolLocation":136,"imageIndex":34},{"imageOffset":7080,"symbol":"thread_start","symbolLocation":8,"imageIndex":34}],"threadState":{"x":[{"value":4},{"value":0},{"value":0},{"value":0},{"value":0},{"value":160},{"value":0},{"value":0},{"value":6180924968},{"value":0},{"value":0},{"value":2},{"value":2},{"value":0},{"value":0},{"value":0},{"value":305},{"value":8819445208},{"value":0},{"value":30995448632},{"value":30995448696},{"value":6180925664},{"value":0},{"value":0},{"value":0},{"value":0},{"value":512},{"value":1},{"value":18446744073709551615}],"flavor":"ARM_THREAD_STATE64","lr":{"value":6982566108},"cpsr":{"value":1610612736},"fp":{"value":6180925088},"sp":{"value":6180924944},"esr":{"value":1442840704,"description":"(Syscall)"},"pc":{"value":6982305016},"far":{"value":0}}},{"id":4333785,"frames":[{"imageOffset":17656,"symbol":"__psynch_cvwait","symbolLocation":8,"imageIndex":26},{"imageOffset":28892,"symbol":"_pthread_cond_wait","symbolLocation":984,"imageIndex":34},{"imageOffset":141140,"symbol":"std::__1::condition_variable::wait(std::__1::unique_lock<std::__1::mutex>&)","symbolLocation":32,"imageIndex":38},{"imageOffset":699500,"symbol":"gog::AbstractHttpClient<gog::RequestContext>::ThreadFunction()","symbolLocation":140,"imageIndex":5},{"imageOffset":980904,"symbol":"void* std::__1::__thread_proxy[abi:ne180100]<std::__1::tuple<std::__1::unique_ptr<std::__1::__thread_struct, std::__1::default_delete<std::__1::__thread_struct>>, std::__1::function<void ()>>>(void*)","symbolLocation":64,"imageIndex":5},{"imageOffset":27656,"symbol":"_pthread_start","symbolLocation":136,"imageIndex":34},{"imageOffset":7080,"symbol":"thread_start","symbolLocation":8,"imageIndex":34}],"threadState":{"x":[{"value":4},{"value":0},{"value":0},{"value":0},{"value":0},{"value":160},{"value":0},{"value":0},{"value":6181498408},{"value":0},{"value":0},{"value":2},{"value":2},{"value":0},{"value":0},{"value":0},{"value":305},{"value":8819445208},{"value":0},{"value":30995448632},{"value":30995448696},{"value":6181499104},{"value":0},{"value":0},{"value":0},{"value":0},{"value":768},{"value":1},{"value":18446744073709551615}],"flavor":"ARM_THREAD_STATE64","lr":{"value":6982566108},"cpsr":{"value":1610612736},"fp":{"value":6181498528},"sp":{"value":6181498384},"esr":{"value":1442840704,"description":"(Syscall)"},"pc":{"value":6982305016},"far":{"value":0}}},{"id":4333786,"frames":[{"imageOffset":17656,"symbol":"__psynch_cvwait","symbolLocation":8,"imageIndex":26},{"imageOffset":28892,"symbol":"_pthread_cond_wait","symbolLocation":984,"imageIndex":34},{"imageOffset":141140,"symbol":"std::__1::condition_variable::wait(std::__1::unique_lock<std::__1::mutex>&)","symbolLocation":32,"imageIndex":38},{"imageOffset":699500,"symbol":"gog::AbstractHttpClient<gog::RequestContext>::ThreadFunction()","symbolLocation":140,"imageIndex":5},{"imageOffset":980904,"symbol":"void* std::__1::__thread_proxy[abi:ne180100]<std::__1::tuple<std::__1::unique_ptr<std::__1::__thread_struct, std::__1::default_delete<std::__1::__thread_struct>>, std::__1::function<void ()>>>(void*)","symbolLocation":64,"imageIndex":5},{"imageOffset":27656,"symbol":"_pthread_start","symbolLocation":136,"imageIndex":34},{"imageOffset":7080,"symbol":"thread_start","symbolLocation":8,"imageIndex":34}],"threadState":{"x":[{"value":4},{"value":0},{"value":0},{"value":0},{"value":0},{"value":160},{"value":0},{"value":0},{"value":6182071848},{"value":0},{"value":0},{"value":2},{"value":2},{"value":0},{"value":0},{"value":0},{"value":305},{"value":8819445208},{"value":0},{"value":30995448632},{"value":30995448696},{"value":6182072544},{"value":0},{"value":0},{"value":0},{"value":0},{"value":1024},{"value":1},{"value":18446744073709551615}],"flavor":"ARM_THREAD_STATE64","lr":{"value":6982566108},"cpsr":{"value":1610612736},"fp":{"value":6182071968},"sp":{"value":6182071824},"esr":{"value":1442840704,"description":"(Syscall)"},"pc":{"value":6982305016},"far":{"value":0}}},{"id":4333787,"frames":[{"imageOffset":17656,"symbol":"__psynch_cvwait","symbolLocation":8,"imageIndex":26},{"imageOffset":28892,"symbol":"_pthread_cond_wait","symbolLocation":984,"imageIndex":34},{"imageOffset":141140,"symbol":"std::__1::condition_variable::wait(std::__1::unique_lock<std::__1::mutex>&)","symbolLocation":32,"imageIndex":38},{"imageOffset":699500,"symbol":"gog::AbstractHttpClient<gog::RequestContext>::ThreadFunction()","symbolLocation":140,"imageIndex":5},{"imageOffset":980904,"symbol":"void* std::__1::__thread_proxy[abi:ne180100]<std::__1::tuple<std::__1::unique_ptr<std::__1::__thread_struct, std::__1::default_delete<std::__1::__thread_struct>>, std::__1::function<void ()>>>(void*)","symbolLocation":64,"imageIndex":5},{"imageOffset":27656,"symbol":"_pthread_start","symbolLocation":136,"imageIndex":34},{"imageOffset":7080,"symbol":"thread_start","symbolLocation":8,"imageIndex":34}],"threadState":{"x":[{"value":4},{"value":0},{"value":0},{"value":0},{"value":0},{"value":160},{"value":0},{"value":0},{"value":6182645288},{"value":0},{"value":0},{"value":2},{"value":2},{"value":0},{"value":0},{"value":0},{"value":305},{"value":8819445208},{"value":0},{"value":30995448632},{"value":30995448696},{"value":6182645984},{"value":0},{"value":0},{"value":0},{"value":0},{"value":1280},{"value":1},{"value":18446744073709551615}],"flavor":"ARM_THREAD_STATE64","lr":{"value":6982566108},"cpsr":{"value":1610612736},"fp":{"value":6182645408},"sp":{"value":6182645264},"esr":{"value":1442840704,"description":"(Syscall)"},"pc":{"value":6982305016},"far":{"value":0}}},{"id":4333788,"frames":[{"imageOffset":17656,"symbol":"__psynch_cvwait","symbolLocation":8,"imageIndex":26},{"imageOffset":28892,"symbol":"_pthread_cond_wait","symbolLocation":984,"imageIndex":34},{"imageOffset":141140,"symbol":"std::__1::condition_variable::wait(std::__1::unique_lock<std::__1::mutex>&)","symbolLocation":32,"imageIndex":38},{"imageOffset":699500,"symbol":"gog::AbstractHttpClient<gog::RequestContext>::ThreadFunction()","symbolLocation":140,"imageIndex":5},{"imageOffset":980904,"symbol":"void* std::__1::__thread_proxy[abi:ne180100]<std::__1::tuple<std::__1::unique_ptr<std::__1::__thread_struct, std::__1::default_delete<std::__1::__thread_struct>>, std::__1::function<void ()>>>(void*)","symbolLocation":64,"imageIndex":5},{"imageOffset":27656,"symbol":"_pthread_start","symbolLocation":136,"imageIndex":34},{"imageOffset":7080,"symbol":"thread_start","symbolLocation":8,"imageIndex":34}],"threadState":{"x":[{"value":4},{"value":0},{"value":0},{"value":0},{"value":0},{"value":160},{"value":0},{"value":0},{"value":6183218728},{"value":0},{"value":0},{"value":2},{"value":2},{"value":0},{"value":0},{"value":0},{"value":305},{"value":8819445208},{"value":0},{"value":30995448632},{"value":30995448696},{"value":6183219424},{"value":0},{"value":0},{"value":0},{"value":0},{"value":1536},{"value":1},{"value":18446744073709551615}],"flavor":"ARM_THREAD_STATE64","lr":{"value":6982566108},"cpsr":{"value":1610612736},"fp":{"value":6183218848},"sp":{"value":6183218704},"esr":{"value":1442840704,"description":"(Syscall)"},"pc":{"value":6982305016},"far":{"value":0}}},{"id":4333789,"frames":[{"imageOffset":17656,"symbol":"__psynch_cvwait","symbolLocation":8,"imageIndex":26},{"imageOffset":28892,"symbol":"_pthread_cond_wait","symbolLocation":984,"imageIndex":34},{"imageOffset":141140,"symbol":"std::__1::condition_variable::wait(std::__1::unique_lock<std::__1::mutex>&)","symbolLocation":32,"imageIndex":38},{"imageOffset":699500,"symbol":"gog::AbstractHttpClient<gog::RequestContext>::ThreadFunction()","symbolLocation":140,"imageIndex":5},{"imageOffset":980904,"symbol":"void* std::__1::__thread_proxy[abi:ne180100]<std::__1::tuple<std::__1::unique_ptr<std::__1::__thread_struct, std::__1::default_delete<std::__1::__thread_struct>>, std::__1::function<void ()>>>(void*)","symbolLocation":64,"imageIndex":5},{"imageOffset":27656,"symbol":"_pthread_start","symbolLocation":136,"imageIndex":34},{"imageOffset":7080,"symbol":"thread_start","symbolLocation":8,"imageIndex":34}],"threadState":{"x":[{"value":260},{"value":0},{"value":0},{"value":0},{"value":0},{"value":160},{"value":0},{"value":0},{"value":6183792168},{"value":0},{"value":0},{"value":2},{"value":2},{"value":0},{"value":0},{"value":0},{"value":305},{"value":8819445208},{"value":0},{"value":30995448632},{"value":30995448696},{"value":6183792864},{"value":0},{"value":0},{"value":0},{"value":0},{"value":1792},{"value":1},{"value":18446744073709551615}],"flavor":"ARM_THREAD_STATE64","lr":{"value":6982566108},"cpsr":{"value":1610612736},"fp":{"value":6183792288},"sp":{"value":6183792144},"esr":{"value":1442840704,"description":"(Syscall)"},"pc":{"value":6982305016},"far":{"value":0}}},{"id":4333790,"frames":[{"imageOffset":17656,"symbol":"__psynch_cvwait","symbolLocation":8,"imageIndex":26},{"imageOffset":28892,"symbol":"_pthread_cond_wait","symbolLocation":984,"imageIndex":34},{"imageOffset":141140,"symbol":"std::__1::condition_variable::wait(std::__1::unique_lock<std::__1::mutex>&)","symbolLocation":32,"imageIndex":38},{"imageOffset":699500,"symbol":"gog::AbstractHttpClient<gog::RequestContext>::ThreadFunction()","symbolLocation":140,"imageIndex":5},{"imageOffset":980904,"symbol":"void* std::__1::__thread_proxy[abi:ne180100]<std::__1::tuple<std::__1::unique_ptr<std::__1::__thread_struct, std::__1::default_delete<std::__1::__thread_struct>>, std::__1::function<void ()>>>(void*)","symbolLocation":64,"imageIndex":5},{"imageOffset":27656,"symbol":"_pthread_start","symbolLocation":136,"imageIndex":34},{"imageOffset":7080,"symbol":"thread_start","symbolLocation":8,"imageIndex":34}],"threadState":{"x":[{"value":4},{"value":0},{"value":0},{"value":0},{"value":0},{"value":160},{"value":0},{"value":0},{"value":6184365608},{"value":0},{"value":0},{"value":2},{"value":2},{"value":0},{"value":0},{"value":0},{"value":305},{"value":8819445208},{"value":0},{"value":30995448632},{"value":30995448696},{"value":6184366304},{"value":0},{"value":0},{"value":0},{"value":0},{"value":2048},{"value":1},{"value":18446744073709551615}],"flavor":"ARM_THREAD_STATE64","lr":{"value":6982566108},"cpsr":{"value":1610612736},"fp":{"value":6184365728},"sp":{"value":6184365584},"esr":{"value":1442840704,"description":"(Syscall)"},"pc":{"value":6982305016},"far":{"value":0}}},{"id":4333871,"name":"WatchdogThread","threadState":{"x":[{"value":60},{"value":0},{"value":1},{"value":1},{"value":0},{"value":66000000},{"value":0},{"value":0},{"value":8796689128,"symbolLocation":0,"symbol":"clock_sem"},{"value":3},{"value":17},{"value":0},{"value":0},{"value":0},{"value":0},{"value":0},{"value":334},{"value":8819445328},{"value":0},{"value":0},{"value":6184546080},{"value":4462755840},{"value":1000},{"value":4462755840},{"value":0},{"value":0},{"value":0},{"value":0},{"value":0}],"flavor":"ARM_THREAD_STATE64","lr":{"value":6981094764},"cpsr":{"value":2684354560},"fp":{"value":6184546064},"sp":{"value":6184546016},"esr":{"value":1442840704,"description":"(Syscall)"},"pc":{"value":6982304500},"far":{"value":0}},"frames":[{"imageOffset":17140,"symbol":"__semwait_signal","symbolLocation":8,"imageIndex":26},{"imageOffset":56684,"symbol":"nanosleep","symbolLocation":220,"imageIndex":39},{"imageOffset":56452,"symbol":"usleep","symbolLocation":68,"imageIndex":39},{"imageOffset":64641720,"imageIndex":0},{"imageOffset":16904,"imageIndex":0},{"imageOffset":27656,"symbol":"_pthread_start","symbolLocation":136,"imageIndex":34},{"imageOffset":7080,"symbol":"thread_start","symbolLocation":8,"imageIndex":34}]},{"id":4333873,"name":"GameServicesMac","threadState":{"x":[{"value":260},{"value":0},{"value":0},{"value":0},{"value":0},{"value":65705},{"value":0},{"value":0},{"value":6186692232},{"value":0},{"value":0},{"value":2},{"value":2},{"value":0},{"value":0},{"value":0},{"value":305},{"value":8819445208},{"value":0},{"value":498220066488},{"value":498220066552},{"value":6186692832},{"value":0},{"value":0},{"value":0},{"value":1},{"value":256},{"value":0},{"value":0}],"flavor":"ARM_THREAD_STATE64","lr":{"value":6982566108},"cpsr":{"value":1610612736},"fp":{"value":6186692352},"sp":{"value":6186692208},"esr":{"value":1442840704,"description":"(Syscall)"},"pc":{"value":6982305016},"far":{"value":0}},"frames":[{"imageOffset":17656,"symbol":"__psynch_cvwait","symbolLocation":8,"imageIndex":26},{"imageOffset":28892,"symbol":"_pthread_cond_wait","symbolLocation":984,"imageIndex":34},{"imageOffset":14094592,"imageIndex":0},{"imageOffset":16904,"imageIndex":0},{"imageOffset":27656,"symbol":"_pthread_start","symbolLocation":136,"imageIndex":34},{"imageOffset":7080,"symbol":"thread_start","symbolLocation":8,"imageIndex":34}]},{"id":4333875,"name":"RawTcpNetworkTh","threadState":{"x":[{"value":0},{"value":0},{"value":0},{"value":6186872384},{"value":6186872640},{"value":1000000},{"value":100},{"value":0},{"value":0},{"value":498232042480},{"value":2},{"value":1099511627776},{"value":4294967293},{"value":0},{"value":0},{"value":0},{"value":93},{"value":2},{"value":0},{"value":498232042448},{"value":498232042456},{"value":10000},{"value":6186872712},{"value":0},{"value":0},{"value":0},{"value":0},{"value":0},{"value":0}],"flavor":"ARM_THREAD_STATE64","lr":{"value":4350588260},"cpsr":{"value":2147483648},"fp":{"value":6186872688},"sp":{"value":6186872384},"esr":{"value":1442840704,"description":"(Syscall)"},"pc":{"value":6982336084},"far":{"value":0}},"frames":[{"imageOffset":48724,"symbol":"__select","symbolLocation":8,"imageIndex":26},{"imageOffset":39728484,"imageIndex":0},{"imageOffset":16904,"imageIndex":0},{"imageOffset":27656,"symbol":"_pthread_start","symbolLocation":136,"imageIndex":34},{"imageOffset":7080,"symbol":"thread_start","symbolLocation":8,"imageIndex":34}]},{"id":4333876,"name":"PacketNetworkMa","threadState":{"x":[{"value":260},{"value":0},{"value":0},{"value":0},{"value":0},{"value":65705},{"value":0},{"value":0},{"value":6187052552},{"value":0},{"value":0},{"value":2},{"value":2},{"value":0},{"value":0},{"value":0},{"value":305},{"value":8819445208},{"value":0},{"value":481664107248},{"value":481664107312},{"value":6187053280},{"value":0},{"value":0},{"value":0},{"value":1},{"value":256},{"value":0},{"value":16777619}],"flavor":"ARM_THREAD_STATE64","lr":{"value":6982566108},"cpsr":{"value":1610612736},"fp":{"value":6187052672},"sp":{"value":6187052528},"esr":{"value":1442840704,"description":"(Syscall)"},"pc":{"value":6982305016},"far":{"value":0}},"frames":[{"imageOffset":17656,"symbol":"__psynch_cvwait","symbolLocation":8,"imageIndex":26},{"imageOffset":28892,"symbol":"_pthread_cond_wait","symbolLocation":984,"imageIndex":34},{"imageOffset":39712900,"imageIndex":0},{"imageOffset":16904,"imageIndex":0},{"imageOffset":27656,"symbol":"_pthread_start","symbolLocation":136,"imageIndex":34},{"imageOffset":7080,"symbol":"thread_start","symbolLocation":8,"imageIndex":34}]},{"id":4333884,"frames":[{"imageOffset":17656,"symbol":"__psynch_cvwait","symbolLocation":8,"imageIndex":26},{"imageOffset":28892,"symbol":"_pthread_cond_wait","symbolLocation":984,"imageIndex":34},{"imageOffset":6283688,"imageIndex":0},{"imageOffset":27656,"symbol":"_pthread_start","symbolLocation":136,"imageIndex":34},{"imageOffset":7080,"symbol":"thread_start","symbolLocation":8,"imageIndex":34}],"threadState":{"x":[{"value":260},{"value":0},{"value":341248},{"value":0},{"value":0},{"value":65704},{"value":0},{"value":0},{"value":6321450776},{"value":0},{"value":768},{"value":3298534884098},{"value":3298534884098},{"value":768},{"value":0},{"value":3298534884096},{"value":305},{"value":8819445208},{"value":0},{"value":12885431848},{"value":12885431912},{"value":6321451232},{"value":0},{"value":0},{"value":341248},{"value":341249},{"value":341504},{"value":0},{"value":0}],"flavor":"ARM_THREAD_STATE64","lr":{"value":6982566108},"cpsr":{"value":1610612736},"fp":{"value":6321450896},"sp":{"value":6321450752},"esr":{"value":1442840704,"description":"(Syscall)"},"pc":{"value":6982305016},"far":{"value":0}}},{"id":4333885,"frames":[{"imageOffset":17656,"symbol":"__psynch_cvwait","symbolLocation":8,"imageIndex":26},{"imageOffset":28892,"symbol":"_pthread_cond_wait","symbolLocation":984,"imageIndex":34},{"imageOffset":6283688,"imageIndex":0},{"imageOffset":27656,"symbol":"_pthread_start","symbolLocation":136,"imageIndex":34},{"imageOffset":7080,"symbol":"thread_start","symbolLocation":8,"imageIndex":34}],"threadState":{"x":[{"value":260},{"value":0},{"value":512},{"value":0},{"value":0},{"value":65704},{"value":0},{"value":0},{"value":6321631000},{"value":0},{"value":0},{"value":2},{"value":2},{"value":0},{"value":0},{"value":0},{"value":305},{"value":8819445208},{"value":0},{"value":12885515128},{"value":12885515192},{"value":6321631456},{"value":0},{"value":0},{"value":512},{"value":513},{"value":768},{"value":0},{"value":0}],"flavor":"ARM_THREAD_STATE64","lr":{"value":6982566108},"cpsr":{"value":1610612736},"fp":{"value":6321631120},"sp":{"value":6321630976},"esr":{"value":1442840704,"description":"(Syscall)"},"pc":{"value":6982305016},"far":{"value":0}}},{"id":4333886,"frames":[{"imageOffset":2992,"symbol":"semaphore_wait_trap","symbolLocation":8,"imageIndex":26},{"imageOffset":6002784,"imageIndex":0},{"imageOffset":27656,"symbol":"_pthread_start","symbolLocation":136,"imageIndex":34},{"imageOffset":7080,"symbol":"thread_start","symbolLocation":8,"imageIndex":34}],"threadState":{"x":[{"value":14},{"value":0},{"value":73896},{"value":1},{"value":14313768591108426167},{"value":481600353296},{"value":1400777814113024},{"value":0},{"value":4459521304},{"value":481630687936},{"value":2},{"value":1099511627776},{"value":4294967293},{"value":0},{"value":0},{"value":0},{"value":18446744073709551580},{"value":2},{"value":0},{"value":481630687616},{"value":0},{"value":0},{"value":0},{"value":0},{"value":0},{"value":0},{"value":0},{"value":0},{"value":0}],"flavor":"ARM_THREAD_STATE64","lr":{"value":4316862560},"cpsr":{"value":1610612736},"fp":{"value":6321811392},"sp":{"value":6321811376},"esr":{"value":1442840704,"description":"(Syscall)"},"pc":{"value":6982290352},"far":{"value":0}}},{"id":4333887,"frames":[{"imageOffset":2992,"symbol":"semaphore_wait_trap","symbolLocation":8,"imageIndex":26},{"imageOffset":5697848,"imageIndex":0},{"imageOffset":27656,"symbol":"_pthread_start","symbolLocation":136,"imageIndex":34},{"imageOffset":7080,"symbol":"thread_start","symbolLocation":8,"imageIndex":34}],"threadState":{"x":[{"value":14},{"value":18446744073709551615},{"value":1},{"value":1},{"value":0},{"value":21000000},{"value":0},{"value":0},{"value":0},{"value":0},{"value":17},{"value":0},{"value":0},{"value":0},{"value":0},{"value":0},{"value":18446744073709551580},{"value":8819444976},{"value":0},{"value":21000},{"value":4459524096},{"value":4459524096},{"value":4459524096},{"value":4459524096},{"value":4432089088,"symbolLocation":21452,"symbol":"ConstNameBuilder<3201395557135980466ull>::s_registered"},{"value":4459522928},{"value":0},{"value":0},{"value":0}],"flavor":"ARM_THREAD_STATE64","lr":{"value":4316557624},"cpsr":{"value":0},"fp":{"value":6321991616},"sp":{"value":6321991552},"esr":{"value":1442840704,"description":"(Syscall)"},"pc":{"value":6982290352},"far":{"value":0}}},{"id":4333888,"frames":[{"imageOffset":2992,"symbol":"semaphore_wait_trap","symbolLocation":8,"imageIndex":26},{"imageOffset":6037248,"imageIndex":0},{"imageOffset":27656,"symbol":"_pthread_start","symbolLocation":136,"imageIndex":34},{"imageOffset":7080,"symbol":"thread_start","symbolLocation":8,"imageIndex":34}],"threadState":{"x":[{"value":14},{"value":0},{"value":73896},{"value":4435014976},{"value":4435189760},{"value":4435047744},{"value":1},{"value":6322171255},{"value":0},{"value":4459524264},{"value":9895604652290},{"value":1099511627776},{"value":4294967293},{"value":9895604649984},{"value":2304},{"value":0},{"value":18446744073709551580},{"value":9895604652290},{"value":0},{"value":481632188592},{"value":4459522928},{"value":0},{"value":0},{"value":0},{"value":0},{"value":0},{"value":0},{"value":0},{"value":0}],"flavor":"ARM_THREAD_STATE64","lr":{"value":4316897024},"cpsr":{"value":1610612736},"fp":{"value":6322171840},"sp":{"value":6322171824},"esr":{"value":1442840704,"description":"(Syscall)"},"pc":{"value":6982290352},"far":{"value":0}}},{"id":4333889,"name":"caulk.messenger.shared:17","threadState":{"x":[{"value":14},{"value":61173924186},{"value":0},{"value":6322745450},{"value":61173924160},{"value":25},{"value":0},{"value":0},{"value":0},{"value":4294967295},{"value":0},{"value":0},{"value":0},{"value":0},{"value":0},{"value":0},{"value":18446744073709551580},{"value":8819449592},{"value":0},{"value":30984221408},{"value":0},{"value":0},{"value":0},{"value":0},{"value":0},{"value":0},{"value":0},{"value":0},{"value":0}],"flavor":"ARM_THREAD_STATE64","lr":{"value":7190498824},"cpsr":{"value":2147483648},"fp":{"value":6322745216},"sp":{"value":6322745184},"esr":{"value":1442840704,"description":"(Syscall)"},"pc":{"value":6982290352},"far":{"value":0}},"frames":[{"imageOffset":2992,"symbol":"semaphore_wait_trap","symbolLocation":8,"imageIndex":26},{"imageOffset":7688,"symbol":"caulk::semaphore::timed_wait(double)","symbolLocation":224,"imageIndex":40},{"imageOffset":7344,"symbol":"caulk::concurrent::details::worker_thread::run()","symbolLocation":32,"imageIndex":40},{"imageOffset":6480,"symbol":"void* caulk::thread_proxy<std::__1::tuple<caulk::thread::attributes, void (caulk::concurrent::details::worker_thread::*)(), std::__1::tuple<caulk::concurrent::details::worker_thread*>>>(void*)","symbolLocation":96,"imageIndex":40},{"imageOffset":27656,"symbol":"_pthread_start","symbolLocation":136,"imageIndex":34},{"imageOffset":7080,"symbol":"thread_start","symbolLocation":8,"imageIndex":34}]},{"id":4333890,"name":"caulk.messenger.shared:high","threadState":{"x":[{"value":14},{"value":66563},{"value":66563},{"value":31},{"value":4294967295},{"value":0},{"value":0},{"value":0},{"value":0},{"value":4294967295},{"value":1},{"value":30997725672},{"value":0},{"value":0},{"value":0},{"value":0},{"value":18446744073709551580},{"value":8819449592},{"value":0},{"value":30984221184},{"value":0},{"value":0},{"value":0},{"value":0},{"value":0},{"value":0},{"value":0},{"value":0},{"value":0}],"flavor":"ARM_THREAD_STATE64","lr":{"value":7190498824},"cpsr":{"value":2147483648},"fp":{"value":6323318656},"sp":{"value":6323318624},"esr":{"value":1442840704,"description":"(Syscall)"},"pc":{"value":6982290352},"far":{"value":0}},"frames":[{"imageOffset":2992,"symbol":"semaphore_wait_trap","symbolLocation":8,"imageIndex":26},{"imageOffset":7688,"symbol":"caulk::semaphore::timed_wait(double)","symbolLocation":224,"imageIndex":40},{"imageOffset":7344,"symbol":"caulk::concurrent::details::worker_thread::run()","symbolLocation":32,"imageIndex":40},{"imageOffset":6480,"symbol":"void* caulk::thread_proxy<std::__1::tuple<caulk::thread::attributes, void (caulk::concurrent::details::worker_thread::*)(), std::__1::tuple<caulk::concurrent::details::worker_thread*>>>(void*)","symbolLocation":96,"imageIndex":40},{"imageOffset":27656,"symbol":"_pthread_start","symbolLocation":136,"imageIndex":34},{"imageOffset":7080,"symbol":"thread_start","symbolLocation":8,"imageIndex":34}]},{"id":4333929,"name":"com.apple.audio.toolbox.AUScheduledParameterRefresher","threadState":{"x":[{"value":14},{"value":52546723702},{"value":0},{"value":6323892358},{"value":52546723648},{"value":53},{"value":0},{"value":0},{"value":0},{"value":4294967295},{"value":0},{"value":0},{"value":0},{"value":0},{"value":0},{"value":0},{"value":18446744073709551580},{"value":8819449592},{"value":0},{"value":30975339512},{"value":0},{"value":0},{"value":0},{"value":0},{"value":0},{"value":0},{"value":0},{"value":0},{"value":0}],"flavor":"ARM_THREAD_STATE64","lr":{"value":7190498824},"cpsr":{"value":2147483648},"fp":{"value":6323892096},"sp":{"value":6323892064},"esr":{"value":1442840704,"description":"(Syscall)"},"pc":{"value":6982290352},"far":{"value":0}},"frames":[{"imageOffset":2992,"symbol":"semaphore_wait_trap","symbolLocation":8,"imageIndex":26},{"imageOffset":7688,"symbol":"caulk::semaphore::timed_wait(double)","symbolLocation":224,"imageIndex":40},{"imageOffset":7344,"symbol":"caulk::concurrent::details::worker_thread::run()","symbolLocation":32,"imageIndex":40},{"imageOffset":6480,"symbol":"void* caulk::thread_proxy<std::__1::tuple<caulk::thread::attributes, void (caulk::concurrent::details::worker_thread::*)(), std::__1::tuple<caulk::concurrent::details::worker_thread*>>>(void*)","symbolLocation":96,"imageIndex":40},{"imageOffset":27656,"symbol":"_pthread_start","symbolLocation":136,"imageIndex":34},{"imageOffset":7080,"symbol":"thread_start","symbolLocation":8,"imageIndex":34}]},{"id":4333930,"name":"caulk::deferred_logger","threadState":{"x":[{"value":14},{"value":1},{"value":0},{"value":1},{"value":0},{"value":1},{"value":0},{"value":0},{"value":0},{"value":4294967295},{"value":0},{"value":0},{"value":5666078744},{"value":6324465336},{"value":65532},{"value":0},{"value":18446744073709551580},{"value":8819449592},{"value":0},{"value":30975340184},{"value":0},{"value":0},{"value":0},{"value":0},{"value":0},{"value":0},{"value":0},{"value":0},{"value":0}],"flavor":"ARM_THREAD_STATE64","lr":{"value":7190498824},"cpsr":{"value":2147483648},"fp":{"value":6324465536},"sp":{"value":6324465504},"esr":{"value":1442840704,"description":"(Syscall)"},"pc":{"value":6982290352},"far":{"value":0}},"frames":[{"imageOffset":2992,"symbol":"semaphore_wait_trap","symbolLocation":8,"imageIndex":26},{"imageOffset":7688,"symbol":"caulk::semaphore::timed_wait(double)","symbolLocation":224,"imageIndex":40},{"imageOffset":7344,"symbol":"caulk::concurrent::details::worker_thread::run()","symbolLocation":32,"imageIndex":40},{"imageOffset":6480,"symbol":"void* caulk::thread_proxy<std::__1::tuple<caulk::thread::attributes, void (caulk::concurrent::details::worker_thread::*)(), std::__1::tuple<caulk::concurrent::details::worker_thread*>>>(void*)","symbolLocation":96,"imageIndex":40},{"imageOffset":27656,"symbol":"_pthread_start","symbolLocation":136,"imageIndex":34},{"imageOffset":7080,"symbol":"thread_start","symbolLocation":8,"imageIndex":34}]},{"id":4333959,"frames":[{"imageOffset":17656,"symbol":"__psynch_cvwait","symbolLocation":8,"imageIndex":26},{"imageOffset":28892,"symbol":"_pthread_cond_wait","symbolLocation":984,"imageIndex":34},{"imageOffset":135884,"imageIndex":4},{"imageOffset":18768,"imageIndex":4},{"imageOffset":20064,"imageIndex":4},{"imageOffset":19832,"imageIndex":4},{"imageOffset":134604,"imageIndex":4},{"imageOffset":27656,"symbol":"_pthread_start","symbolLocation":136,"imageIndex":34},{"imageOffset":7080,"symbol":"thread_start","symbolLocation":8,"imageIndex":34}],"threadState":{"x":[{"value":260},{"value":0},{"value":532224},{"value":0},{"value":0},{"value":160},{"value":0},{"value":0},{"value":6325759592},{"value":0},{"value":512},{"value":2199023256066},{"value":2199023256066},{"value":512},{"value":0},{"value":2199023256064},{"value":305},{"value":8819445208},{"value":0},{"value":498227764912},{"value":498227764976},{"value":6325760224},{"value":0},{"value":0},{"value":532224},{"value":532225},{"value":532480},{"value":0},{"value":0}],"flavor":"ARM_THREAD_STATE64","lr":{"value":6982566108},"cpsr":{"value":1610612736},"fp":{"value":6325759712},"sp":{"value":6325759568},"esr":{"value":1442840704,"description":"(Syscall)"},"pc":{"value":6982305016},"far":{"value":0}}},{"id":4333960,"frames":[{"imageOffset":17656,"symbol":"__psynch_cvwait","symbolLocation":8,"imageIndex":26},{"imageOffset":28892,"symbol":"_pthread_cond_wait","symbolLocation":984,"imageIndex":34},{"imageOffset":135884,"imageIndex":4},{"imageOffset":18768,"imageIndex":4},{"imageOffset":20064,"imageIndex":4},{"imageOffset":19832,"imageIndex":4},{"imageOffset":134604,"imageIndex":4},{"imageOffset":27656,"symbol":"_pthread_start","symbolLocation":136,"imageIndex":34},{"imageOffset":7080,"symbol":"thread_start","symbolLocation":8,"imageIndex":34}],"threadState":{"x":[{"value":260},{"value":0},{"value":532224},{"value":0},{"value":0},{"value":160},{"value":0},{"value":0},{"value":6325907048},{"value":0},{"value":768},{"value":3298534884098},{"value":3298534884098},{"value":768},{"value":0},{"value":3298534884096},{"value":305},{"value":8819445208},{"value":0},{"value":498559505616},{"value":498559505680},{"value":6325907680},{"value":0},{"value":0},{"value":532224},{"value":532225},{"value":532480},{"value":0},{"value":0}],"flavor":"ARM_THREAD_STATE64","lr":{"value":6982566108},"cpsr":{"value":1610612736},"fp":{"value":6325907168},"sp":{"value":6325907024},"esr":{"value":1442840704,"description":"(Syscall)"},"pc":{"value":6982305016},"far":{"value":0}}},{"id":4333967,"frames":[],"threadState":{"x":[{"value":6389395456},{"value":258579},{"value":6388858880},{"value":0},{"value":409604},{"value":18446744073709551615},{"value":0},{"value":0},{"value":0},{"value":0},{"value":0},{"value":0},{"value":0},{"value":0},{"value":0},{"value":0},{"value":0},{"value":0},{"value":0},{"value":0},{"value":0},{"value":0},{"value":0},{"value":0},{"value":0},{"value":0},{"value":0},{"value":0},{"value":0}],"flavor":"ARM_THREAD_STATE64","lr":{"value":0},"cpsr":{"value":0},"fp":{"value":0},"sp":{"value":6389395456},"esr":{"value":1442840704,"description":"(Syscall)"},"pc":{"value":6982544276},"far":{"value":0}}},{"id":4333973,"frames":[{"imageOffset":17656,"symbol":"__psynch_cvwait","symbolLocation":8,"imageIndex":26},{"imageOffset":28892,"symbol":"_pthread_cond_wait","symbolLocation":984,"imageIndex":34},{"imageOffset":135884,"imageIndex":4},{"imageOffset":53588,"imageIndex":4},{"imageOffset":134604,"imageIndex":4},{"imageOffset":27656,"symbol":"_pthread_start","symbolLocation":136,"imageIndex":34},{"imageOffset":7080,"symbol":"thread_start","symbolLocation":8,"imageIndex":34}],"threadState":{"x":[{"value":260},{"value":0},{"value":532736},{"value":0},{"value":0},{"value":160},{"value":0},{"value":0},{"value":6324547208},{"value":0},{"value":256},{"value":1099511628034},{"value":1099511628034},{"value":256},{"value":0},{"value":1099511628032},{"value":305},{"value":8819445208},{"value":0},{"value":4492298464},{"value":4492298528},{"value":6324547808},{"value":0},{"value":0},{"value":532736},{"value":532737},{"value":532992},{"value":4492296192},{"value":4492296192}],"flavor":"ARM_THREAD_STATE64","lr":{"value":6982566108},"cpsr":{"value":1610612736},"fp":{"value":6324547328},"sp":{"value":6324547184},"esr":{"value":1442840704,"description":"(Syscall)"},"pc":{"value":6982305016},"far":{"value":0}}},{"id":4333981,"name":"ausm_messenger_for_buffer_disposal","threadState":{"x":[{"value":14},{"value":52547864675},{"value":0},{"value":16605622387},{"value":52547864640},{"value":34},{"value":0},{"value":0},{"value":0},{"value":4294967295},{"value":0},{"value":0},{"value":0},{"value":0},{"value":0},{"value":0},{"value":18446744073709551580},{"value":8819449592},{"value":0},{"value":30975777624},{"value":0},{"value":0},{"value":0},{"value":0},{"value":0},{"value":0},{"value":0},{"value":0},{"value":0}],"flavor":"ARM_THREAD_STATE64","lr":{"value":7190498824},"cpsr":{"value":2147483648},"fp":{"value":16605622144},"sp":{"value":16605622112},"esr":{"value":1442840704,"description":"(Syscall)"},"pc":{"value":6982290352},"far":{"value":0}},"frames":[{"imageOffset":2992,"symbol":"semaphore_wait_trap","symbolLocation":8,"imageIndex":26},{"imageOffset":7688,"symbol":"caulk::semaphore::timed_wait(double)","symbolLocation":224,"imageIndex":40},{"imageOffset":7344,"symbol":"caulk::concurrent::details::worker_thread::run()","symbolLocation":32,"imageIndex":40},{"imageOffset":6480,"symbol":"void* caulk::thread_proxy<std::__1::tuple<caulk::thread::attributes, void (caulk::concurrent::details::worker_thread::*)(), std::__1::tuple<caulk::concurrent::details::worker_thread*>>>(void*)","symbolLocation":96,"imageIndex":40},{"imageOffset":27656,"symbol":"_pthread_start","symbolLocation":136,"imageIndex":34},{"imageOffset":7080,"symbol":"thread_start","symbolLocation":8,"imageIndex":34}]},{"id":4334002,"name":"adc_headtracker_messenger_for_bt_llm_update","threadState":{"x":[{"value":14},{"value":1},{"value":0},{"value":1},{"value":0},{"value":1},{"value":0},{"value":0},{"value":0},{"value":4294967295},{"value":0},{"value":0},{"value":5666078744},{"value":6389968472},{"value":28},{"value":0},{"value":18446744073709551580},{"value":8819449592},{"value":0},{"value":30975785464},{"value":0},{"value":0},{"value":0},{"value":0},{"value":0},{"value":0},{"value":0},{"value":0},{"value":0}],"flavor":"ARM_THREAD_STATE64","lr":{"value":7190498824},"cpsr":{"value":2147483648},"fp":{"value":6389968768},"sp":{"value":6389968736},"esr":{"value":1442840704,"description":"(Syscall)"},"pc":{"value":6982290352},"far":{"value":0}},"frames":[{"imageOffset":2992,"symbol":"semaphore_wait_trap","symbolLocation":8,"imageIndex":26},{"imageOffset":7688,"symbol":"caulk::semaphore::timed_wait(double)","symbolLocation":224,"imageIndex":40},{"imageOffset":7344,"symbol":"caulk::concurrent::details::worker_thread::run()","symbolLocation":32,"imageIndex":40},{"imageOffset":6480,"symbol":"void* caulk::thread_proxy<std::__1::tuple<caulk::thread::attributes, void (caulk::concurrent::details::worker_thread::*)(), std::__1::tuple<caulk::concurrent::details::worker_thread*>>>(void*)","symbolLocation":96,"imageIndex":40},{"imageOffset":27656,"symbol":"_pthread_start","symbolLocation":136,"imageIndex":34},{"imageOffset":7080,"symbol":"thread_start","symbolLocation":8,"imageIndex":34}]},{"id":4334011,"name":"com.apple.audio.IOThread.client","threadState":{"x":[{"value":0},{"value":237063},{"value":0},{"value":0},{"value":0},{"value":32},{"value":6005565792},{"value":0},{"value":1},{"value":7885337993596960973},{"value":3298534884096},{"value":3298534884098},{"value":48},{"value":31027433280},{"value":80},{"value":18446744073709551615},{"value":18446744073709551579},{"value":8819449600},{"value":0},{"value":31001418552},{"value":31001418544},{"value":31001418576},{"value":1},{"value":30952912992},{"value":6030},{"value":0},{"value":7041389797},{"value":31001418544},{"value":31001417728}],"flavor":"ARM_THREAD_STATE64","lr":{"value":7190618028},"cpsr":{"value":1610612736},"fp":{"value":6390541568},"sp":{"value":6390541552},"esr":{"value":1442840704,"description":"(Syscall)"},"pc":{"value":6982290364},"far":{"value":0}},"frames":[{"imageOffset":3004,"symbol":"semaphore_wait_signal_trap","symbolLocation":8,"imageIndex":26},{"imageOffset":126892,"symbol":"caulk::mach::semaphore::wait_signal_or_error(caulk::mach::semaphore&)","symbolLocation":36,"imageIndex":40},{"imageOffset":2135756,"symbol":"HALC_ProxyIOContext::IOWorkLoop()","symbolLocation":5052,"imageIndex":41},{"imageOffset":2129000,"symbol":"invocation function for block in HALC_ProxyIOContext::HALC_ProxyIOContext(unsigned int, unsigned int)","symbolLocation":172,"imageIndex":41},{"imageOffset":3985164,"symbol":"HALC_IOThread::Entry(void*)","symbolLocation":88,"imageIndex":41},{"imageOffset":27656,"symbol":"_pthread_start","symbolLocation":136,"imageIndex":34},{"imageOffset":7080,"symbol":"thread_start","symbolLocation":8,"imageIndex":34}]},{"id":4334114,"frames":[],"threadState":{"x":[{"value":6391115776},{"value":213251},{"value":6390579200},{"value":6391114624},{"value":5193734},{"value":1},{"value":0},{"value":0},{"value":0},{"value":0},{"value":0},{"value":0},{"value":0},{"value":0},{"value":0},{"value":0},{"value":0},{"value":0},{"value":0},{"value":0},{"value":0},{"value":0},{"value":0},{"value":0},{"value":0},{"value":0},{"value":0},{"value":0},{"value":0}],"flavor":"ARM_THREAD_STATE64","lr":{"value":0},"cpsr":{"value":0},"fp":{"value":0},"sp":{"value":6391114512},"esr":{"value":1442840704,"description":"(Syscall)"},"pc":{"value":6982544276},"far":{"value":0}}},{"id":4334115,"frames":[],"threadState":{"x":[{"value":6391689216},{"value":216835},{"value":6391152640},{"value":0},{"value":409604},{"value":18446744073709551615},{"value":0},{"value":0},{"value":0},{"value":0},{"value":0},{"value":0},{"value":0},{"value":0},{"value":0},{"value":0},{"value":0},{"value":0},{"value":0},{"value":0},{"value":0},{"value":0},{"value":0},{"value":0},{"value":0},{"value":0},{"value":0},{"value":0},{"value":0}],"flavor":"ARM_THREAD_STATE64","lr":{"value":0},"cpsr":{"value":0},"fp":{"value":0},"sp":{"value":6391689216},"esr":{"value":1442840704,"description":"(Syscall)"},"pc":{"value":6982544276},"far":{"value":0}}},{"id":4334119,"name":"ANEServicesThread","threadState":{"x":[{"value":268451845},{"value":21592279046},{"value":8589934592},{"value":1125912791744512},{"value":0},{"value":1125912791744512},{"value":2},{"value":4294967295},{"value":0},{"value":17179869184},{"value":0},{"value":2},{"value":0},{"value":0},{"value":262147},{"value":0},{"value":18446744073709551569},{"value":8819447088},{"value":0},{"value":4294967295},{"value":2},{"value":1125912791744512},{"value":0},{"value":1125912791744512},{"value":16281264200},{"value":8589934592},{"value":21592279046},{"value":18446744073709550527},{"value":4412409862,"symbolLocation":22766100,"symbol":"nv::cloth::gSimd4iZero"}],"flavor":"ARM_THREAD_STATE64","lr":{"value":6982365224},"cpsr":{"value":0},"fp":{"value":16281264048},"sp":{"value":16281263968},"esr":{"value":1442840704,"description":"(Syscall)"},"pc":{"value":6982290484},"far":{"value":0}},"frames":[{"imageOffset":3124,"symbol":"mach_msg2_trap","symbolLocation":8,"imageIndex":26},{"imageOffset":77864,"symbol":"mach_msg2_internal","symbolLocation":76,"imageIndex":26},{"imageOffset":39308,"symbol":"mach_msg_overwrite","symbolLocation":484,"imageIndex":26},{"imageOffset":4020,"symbol":"mach_msg","symbolLocation":24,"imageIndex":26},{"imageOffset":392112,"symbol":"__CFRunLoopServiceMachPort","symbolLocation":160,"imageIndex":36},{"imageOffset":386312,"symbol":"__CFRunLoopRun","symbolLocation":1188,"imageIndex":36},{"imageOffset":1150780,"symbol":"_CFRunLoopRunSpecificWithOptions","symbolLocation":532,"imageIndex":36},{"imageOffset":727632,"symbol":"CFRunLoopRun","symbolLocation":64,"imageIndex":36},{"imageOffset":144360,"symbol":"ANE::ANEServicesThreadStart(ANE::ANEServicesThreadParams*)","symbolLocation":152,"imageIndex":42},{"imageOffset":27656,"symbol":"_pthread_start","symbolLocation":136,"imageIndex":34},{"imageOffset":7080,"symbol":"thread_start","symbolLocation":8,"imageIndex":34}]}],
  "usedImages" : [
  {
    "source" : "P",
    "arch" : "arm64",
    "base" : 4310859776,
    "CFBundleShortVersionString" : "2.3.1",
    "CFBundleIdentifier" : "com.cdprojektred.cyberpunk.steam",
    "size" : 115212288,
    "uuid" : "a6656adc-fbe2-36a4-9b9d-b4a9de645089",
    "path" : "\/Users\/USER\/Library\/Application Support\/Steam\/*\/Cyberpunk2077.app\/Contents\/MacOS\/Cyberpunk2077",
    "name" : "Cyberpunk2077",
    "CFBundleVersion" : "5314028"
  },
  {
    "source" : "P",
    "arch" : "arm64",
    "base" : 4505600000,
    "size" : 8634368,
    "uuid" : "32e55c31-317e-37bd-a266-df9e40e34014",
    "path" : "\/Users\/USER\/*\/RED4ext.dylib",
    "name" : "RED4ext.dylib"
  },
  {
    "source" : "P",
    "arch" : "arm64",
    "base" : 4491329536,
    "size" : 16384,
    "uuid" : "f95c2aa6-029c-3628-b2dd-d7e65e91b493",
    "path" : "\/Users\/USER\/Library\/Application Support\/Steam\/*\/Cyberpunk2077.app\/Contents\/Frameworks\/libGameServicesSteam.dylib",
    "name" : "libGameServicesSteam.dylib"
  },
  {
    "source" : "P",
    "arch" : "arm64",
    "base" : 4491853824,
    "size" : 49152,
    "uuid" : "acce0637-6602-3acf-890c-c33a8756ce23",
    "path" : "\/Users\/USER\/Library\/Application Support\/Steam\/*\/Cyberpunk2077.app\/Contents\/Frameworks\/libsteam_api.dylib",
    "name" : "libsteam_api.dylib"
  },
  {
    "source" : "P",
    "arch" : "arm64",
    "base" : 4492066816,
    "size" : 212992,
    "uuid" : "15659c8d-63b8-3354-a1df-170479d8ac17",
    "path" : "\/Users\/USER\/Library\/Application Support\/Steam\/*\/Cyberpunk2077.app\/Contents\/Frameworks\/libBink2MacArm64.dylib",
    "name" : "libBink2MacArm64.dylib"
  },
  {
    "source" : "P",
    "arch" : "arm64",
    "base" : 4554932224,
    "size" : 13074432,
    "uuid" : "eec1b3c2-3700-362d-abfd-de631c1c705b",
    "path" : "\/Users\/USER\/Library\/Application Support\/Steam\/*\/Cyberpunk2077.app\/Contents\/Frameworks\/libREDGalaxy64.dylib",
    "name" : "libREDGalaxy64.dylib"
  },
  {
    "source" : "P",
    "arch" : "arm64",
    "base" : 4503814144,
    "size" : 786432,
    "uuid" : "f484a0fa-99ac-3631-a731-a4f6a24d8d63",
    "path" : "\/Users\/USER\/Library\/Application Support\/Steam\/*\/TweakXL.dylib",
    "name" : "TweakXL.dylib"
  },
  {
    "source" : "P",
    "arch" : "arm64",
    "base" : 4492804096,
    "size" : 163840,
    "uuid" : "ac1062ea-1feb-3358-96c4-a451bb12cd4f",
    "path" : "\/opt\/homebrew\/*\/libspdlog.1.16.0.dylib",
    "name" : "libspdlog.1.16.0.dylib"
  },
  {
    "source" : "P",
    "arch" : "arm64",
    "base" : 4494229504,
    "size" : 147456,
    "uuid" : "9e568be0-77f5-3035-99e1-26bf5fa5029c",
    "path" : "\/opt\/homebrew\/*\/libyaml-cpp.0.8.0.dylib",
    "name" : "libyaml-cpp.0.8.0.dylib"
  },
  {
    "source" : "P",
    "arch" : "arm64",
    "base" : 4492525568,
    "size" : 81920,
    "uuid" : "52690c9c-fca8-3d02-bf7e-8d61bfcaf455",
    "path" : "\/opt\/homebrew\/*\/libfmt.12.1.0.dylib",
    "name" : "libfmt.12.1.0.dylib"
  },
  {
    "source" : "P",
    "arch" : "arm64",
    "base" : 4494557184,
    "size" : 65536,
    "uuid" : "ed4b81bf-c4ce-3c61-8157-915bf7a1563d",
    "path" : "\/Users\/USER\/Library\/Application Support\/Steam\/*\/MetalFXDenoiser.dylib",
    "name" : "MetalFXDenoiser.dylib"
  },
  {
    "source" : "P",
    "arch" : "arm64",
    "base" : 4494721024,
    "size" : 49152,
    "uuid" : "99d72433-f078-383d-a2f6-c048484a303b",
    "path" : "\/Users\/USER\/Library\/Application Support\/Steam\/*\/MetalFXDenoiserCore.dylib",
    "name" : "MetalFXDenoiserCore.dylib"
  },
  {
    "source" : "P",
    "arch" : "arm64e",
    "base" : 4537368576,
    "CFBundleShortVersionString" : "345.20.1",
    "CFBundleIdentifier" : "com.apple.AGXMetalG16X",
    "size" : 8617984,
    "uuid" : "8b0fb008-8e01-3344-b5a4-5c871469004e",
    "path" : "\/System\/Library\/Extensions\/AGXMetalG16X.bundle\/Contents\/MacOS\/AGXMetalG16X",
    "name" : "AGXMetalG16X",
    "CFBundleVersion" : "345.20.1"
  },
  {
    "source" : "P",
    "arch" : "arm64",
    "base" : 4494999552,
    "size" : 81920,
    "uuid" : "cdaf0f81-455c-3752-b527-0fd75bc81cb5",
    "path" : "\/Users\/USER\/Library\/Application Support\/Steam\/*\/ModMenu.dylib",
    "name" : "ModMenu.dylib"
  },
  {
    "source" : "P",
    "arch" : "arm64",
    "base" : 4548886528,
    "size" : 114688,
    "uuid" : "bb1ba67c-8ebe-349b-87ff-3ec5cec6e8e4",
    "path" : "\/Users\/USER\/Library\/Application Support\/Steam\/*\/libmacos_smoke_test.dylib",
    "name" : "libmacos_smoke_test.dylib"
  },
  {
    "source" : "P",
    "arch" : "arm64",
    "base" : 4552065024,
    "size" : 1507328,
    "uuid" : "6b863c2a-e4da-31e5-ad49-a33d110303b5",
    "path" : "\/Users\/USER\/Library\/Application Support\/Steam\/*\/ArchiveXL.dylib",
    "name" : "ArchiveXL.dylib"
  },
  {
    "source" : "P",
    "arch" : "arm64e",
    "base" : 4503732224,
    "size" : 49152,
    "uuid" : "f26af954-d1f7-31aa-9981-1bad216149d9",
    "path" : "\/usr\/lib\/libobjc-trampolines.dylib",
    "name" : "libobjc-trampolines.dylib"
  },
  {
    "source" : "P",
    "arch" : "arm64",
    "base" : 5669928960,
    "size" : 24461312,
    "uuid" : "8688a6ef-bbfc-3cf7-b5e2-56badb4a634b",
    "path" : "\/Users\/USER\/Library\/Application Support\/Steam\/*\/steamclient.dylib",
    "name" : "steamclient.dylib"
  },
  {
    "source" : "P",
    "arch" : "arm64",
    "base" : 5616943104,
    "size" : 114688,
    "uuid" : "1a1f6a64-fd28-3218-909c-89647395b501",
    "path" : "\/Users\/USER\/Library\/Application Support\/Steam\/*\/libtier0_s.dylib",
    "name" : "libtier0_s.dylib"
  },
  {
    "source" : "P",
    "arch" : "arm64",
    "base" : 5617729536,
    "size" : 196608,
    "uuid" : "5ba235bf-ec59-3b75-a5a6-ff07b5460d74",
    "path" : "\/Users\/USER\/Library\/Application Support\/Steam\/*\/libvstdlib_s.dylib",
    "name" : "libvstdlib_s.dylib"
  },
  {
    "source" : "P",
    "arch" : "arm64",
    "base" : 4659560448,
    "size" : 65536,
    "uuid" : "ea16083c-391b-349a-8fe8-ad557cbfd559",
    "path" : "\/Users\/USER\/Library\/Application Support\/Steam\/*\/libaudio.dylib",
    "name" : "libaudio.dylib"
  },
  {
    "source" : "P",
    "arch" : "arm64",
    "base" : 5617172480,
    "size" : 98304,
    "uuid" : "4c4cde13-c541-3f7a-b1a4-86b5d970c09c",
    "path" : "\/Users\/USER\/Library\/Application Support\/Steam\/*\/crashhandler.dylib",
    "name" : "crashhandler.dylib"
  },
  {
    "source" : "P",
    "arch" : "arm64",
    "base" : 5617352704,
    "CFBundleIdentifier" : "com.googlecode.google-breakpad",
    "size" : 32768,
    "uuid" : "eb859872-955a-315d-9ce1-87fb57f7c4cd",
    "path" : "\/Users\/USER\/Library\/Application Support\/Steam\/*\/Breakpad.framework\/Versions\/A\/Breakpad",
    "name" : "Breakpad",
    "CFBundleVersion" : "1.0"
  },
  {
    "source" : "P",
    "arch" : "arm64",
    "base" : 5616500736,
    "size" : 65536,
    "uuid" : "f81b68a1-e8e8-3f7c-8e42-be3c57699fc9",
    "path" : "\/Users\/USER\/Library\/Application Support\/Steam\/*\/Breakpad.framework\/Versions\/A\/Resources\/breakpadUtilities.dylib",
    "name" : "breakpadUtilities.dylib"
  },
  {
    "source" : "P",
    "arch" : "arm64e",
    "base" : 6003949568,
    "CFBundleShortVersionString" : "1.14",
    "CFBundleIdentifier" : "com.apple.audio.units.Components",
    "size" : 1327104,
    "uuid" : "d45108c2-3250-3f9a-a1e3-a3c31f3c0d59",
    "path" : "\/System\/Library\/Components\/CoreAudio.component\/Contents\/MacOS\/CoreAudio",
    "name" : "CoreAudio",
    "CFBundleVersion" : "1.14"
  },
  {
    "source" : "P",
    "arch" : "arm64e",
    "base" : 16563257344,
    "CFBundleShortVersionString" : "1.0",
    "CFBundleIdentifier" : "com.apple.audio.AudioDSPComponents",
    "size" : 7880704,
    "uuid" : "60ab55ea-bc59-305a-abb7-9acce478851a",
    "path" : "\/System\/Library\/Components\/AudioDSP.component\/Contents\/MacOS\/AudioDSP",
    "name" : "AudioDSP",
    "CFBundleVersion" : "1"
  },
  {
    "source" : "P",
    "arch" : "arm64e",
    "base" : 6982287360,
    "size" : 246960,
    "uuid" : "feaf3627-e3c3-3ade-a910-3583f8d96c4b",
    "path" : "\/usr\/lib\/system\/libsystem_kernel.dylib",
    "name" : "libsystem_kernel.dylib"
  },
  {
    "source" : "P",
    "arch" : "arm64e",
    "base" : 6982590464,
    "size" : 33968,
    "uuid" : "62c9cd37-272d-3d2d-9a1c-6f4ef24f7ec7",
    "path" : "\/usr\/lib\/system\/libsystem_platform.dylib",
    "name" : "libsystem_platform.dylib"
  },
  {
    "source" : "P",
    "arch" : "arm64e",
    "base" : 6978555904,
    "size" : 653080,
    "uuid" : "c0e2cc0c-71f1-3a63-9d9f-3afebbcb2b7c",
    "path" : "\/usr\/lib\/dyld",
    "name" : "dyld"
  },
  {
    "size" : 0,
    "source" : "A",
    "base" : 0,
    "uuid" : "00000000-0000-0000-0000-000000000000"
  },
  {
    "source" : "P",
    "arch" : "arm64e",
    "base" : 7053074432,
    "CFBundleShortVersionString" : "2.0.2",
    "CFBundleIdentifier" : "com.apple.framework.IOKit",
    "size" : 959808,
    "uuid" : "c576139d-1161-3a4c-bf12-62c44f11cb97",
    "path" : "\/System\/Library\/Frameworks\/IOKit.framework\/Versions\/A\/IOKit",
    "name" : "IOKit"
  },
  {
    "source" : "P",
    "arch" : "arm64e",
    "base" : 7595782144,
    "CFBundleShortVersionString" : "129.3.2",
    "CFBundleIdentifier" : "com.apple.IOGPU",
    "size" : 332288,
    "uuid" : "bc63703e-6494-39d3-acbc-55ff90d2dc08",
    "path" : "\/System\/Library\/PrivateFrameworks\/IOGPU.framework\/Versions\/A\/IOGPU",
    "name" : "IOGPU",
    "CFBundleVersion" : "129.3.2"
  },
  {
    "source" : "P",
    "arch" : "arm64e",
    "base" : 7187460096,
    "CFBundleShortVersionString" : "371.5",
    "CFBundleIdentifier" : "com.apple.Metal",
    "size" : 3029824,
    "uuid" : "26fd60db-88cd-382e-b6f2-fb09079eec04",
    "path" : "\/System\/Library\/Frameworks\/Metal.framework\/Versions\/A\/Metal",
    "name" : "Metal",
    "CFBundleVersion" : "371.5"
  },
  {
    "source" : "P",
    "arch" : "arm64e",
    "base" : 6980734976,
    "size" : 290400,
    "uuid" : "4c58ab31-f363-3e75-a8f8-302105812dbf",
    "path" : "\/usr\/lib\/system\/libdispatch.dylib",
    "name" : "libdispatch.dylib"
  },
  {
    "source" : "P",
    "arch" : "arm64e",
    "base" : 6982537216,
    "size" : 51916,
    "uuid" : "94ae8744-d3ab-3817-8bc8-ca92fd7b3714",
    "path" : "\/usr\/lib\/system\/libsystem_pthread.dylib",
    "name" : "libsystem_pthread.dylib"
  },
  {
    "source" : "P",
    "arch" : "arm64e",
    "base" : 9803100160,
    "CFBundleShortVersionString" : "31.7.1",
    "CFBundleIdentifier" : "com.apple.MetalFX",
    "size" : 466720,
    "uuid" : "9bbb1097-7f9f-3e90-acc9-c4f465622083",
    "path" : "\/System\/Library\/Frameworks\/MetalFX.framework\/Versions\/A\/MetalFX",
    "name" : "MetalFX",
    "CFBundleVersion" : "31.7.1"
  },
  {
    "source" : "P",
    "arch" : "arm64e",
    "base" : 6982823936,
    "CFBundleShortVersionString" : "6.9",
    "CFBundleIdentifier" : "com.apple.CoreFoundation",
    "size" : 5542592,
    "uuid" : "583cc1fa-e47d-312d-b6ad-be436b64bb4e",
    "path" : "\/System\/Library\/Frameworks\/CoreFoundation.framework\/Versions\/A\/CoreFoundation",
    "name" : "CoreFoundation",
    "CFBundleVersion" : "4302"
  },
  {
    "source" : "P",
    "arch" : "arm64e",
    "base" : 7054487552,
    "CFBundleShortVersionString" : "6.9",
    "CFBundleIdentifier" : "com.apple.AppKit",
    "size" : 24296416,
    "uuid" : "3e1c4ad8-e9ab-34f0-b04a-4bada73d3533",
    "path" : "\/System\/Library\/Frameworks\/AppKit.framework\/Versions\/C\/AppKit",
    "name" : "AppKit",
    "CFBundleVersion" : "2685.40.106"
  },
  {
    "source" : "P",
    "arch" : "arm64e",
    "base" : 6981574656,
    "size" : 601764,
    "uuid" : "d10545df-e701-3e2c-89b3-b304357ef08c",
    "path" : "\/usr\/lib\/libc++.1.dylib",
    "name" : "libc++.1.dylib"
  },
  {
    "source" : "P",
    "arch" : "arm64e",
    "base" : 6981038080,
    "size" : 532552,
    "uuid" : "eb569350-0696-3397-838e-0344948107c0",
    "path" : "\/usr\/lib\/system\/libsystem_c.dylib",
    "name" : "libsystem_c.dylib"
  },
  {
    "source" : "P",
    "arch" : "arm64e",
    "base" : 7190491136,
    "CFBundleShortVersionString" : "1.0",
    "CFBundleIdentifier" : "com.apple.audio.caulk",
    "size" : 167296,
    "uuid" : "67d6bcc2-f024-388e-b546-b1c2fe6f0ddc",
    "path" : "\/System\/Library\/PrivateFrameworks\/caulk.framework\/Versions\/A\/caulk",
    "name" : "caulk"
  },
  {
    "source" : "P",
    "arch" : "arm64e",
    "base" : 7034007552,
    "CFBundleShortVersionString" : "5.0",
    "CFBundleIdentifier" : "com.apple.audio.CoreAudio",
    "size" : 8065952,
    "uuid" : "57c69a6e-f5cb-3e83-b800-338265d5d82c",
    "path" : "\/System\/Library\/Frameworks\/CoreAudio.framework\/Versions\/A\/CoreAudio",
    "name" : "CoreAudio",
    "CFBundleVersion" : "5.0"
  },
  {
    "source" : "P",
    "arch" : "arm64e",
    "base" : 7480283136,
    "CFBundleShortVersionString" : "9.300",
    "CFBundleIdentifier" : "com.apple.ANEServices",
    "size" : 205568,
    "uuid" : "05d8cf4d-12cb-3f37-825c-abb7770e6ece",
    "path" : "\/System\/Library\/PrivateFrameworks\/ANEServices.framework\/Versions\/A\/ANEServices",
    "name" : "ANEServices",
    "CFBundleVersion" : "9.300"
  }
],
  "sharedCache" : {
  "base" : 6977470464,
  "size" : 5818155008,
  "uuid" : "cdee601f-d4be-3823-8ef4-d01f0feebf74"
},
  "legacyInfo" : {
  "threadTriggered" : {
    "name" : "redDispatcher15"
  }
},
  "logWritingSignature" : "e88a618b3ce9042339dc46d6132b6ff5730215a8",
  "roots_installed" : 0,
  "bug_type" : "309",
  "trmStatus" : 1,
  "trialInfo" : {
  "rollouts" : [
    {
      "rolloutId" : "64b1b9b57b7a217c6795f565",
      "factorPackIds" : [
        "64b1b9e69aa41116c95f6d9c"
      ],
      "deploymentId" : 250000003
    },
    {
      "rolloutId" : "67648e5334a82511f4acf879",
      "factorPackIds" : [

      ],
      "deploymentId" : 250000003
    }
  ],
  "experiments" : [

  ]
}
}

